,Treatment,treatnameM,treatnameP,Replicate,Parasite,Count 1,Count 2,Count 3,Count 4,average,indwork,treatwork,co,stillalive,contaminated,pasteuria,exposed,Dissolved,dayslife,totbab,babperday,lastrepro,# of Babies 7/24,27-Jul,29-Jul,31-Jul,3-Aug,5-Aug,7-Aug,10-Aug,12-Aug,14-Aug,17-Aug,19-Aug,21-Aug,24-Aug,26-Aug,28-Aug,31-Aug,2-Sep,4-Sep,7-Sep,9-Sep,11-Sep,14-Sep,16-Sep,18-Sep,21-Sep,23-Sep,25-Sep,28-Sep,30-Sep,2-Oct,5-Oct,7-Oct,9-Oct,12-Oct,14-Oct,lifetimesig,fecundsig
1,1,none,none,1,1,0,0,0,0,0,0,1,1,0,0,0,0,0,35,149,4.257142857,34,1,6,0,8,8,6,0,9,5,8,11,0,12,5,7,0,9,11,0,0,7,2,4,2,5,7,0,6,0,10,0,0,0,0,0,0,1,1
2,1,none,none,1,2,0,0,0,0,0,0,1,1,0,0,0,0,0,NA,0,NA,NA,NA,NA,NA,NA,NA,NA,NA,NA,NA,NA,NA,NA,NA,NA,NA,NA,NA,NA,NA,NA,NA,NA,NA,NA,NA,NA,NA,NA,NA,NA,NA,NA,NA,NA,NA,NA,1,1
3,1,none,none,2,1,0,0,0,0,0,0,1,1,0,0,0,0,0,38,129,3.394736842,35,1,6,0,7,7,6,1,6,9,10,10,3,4,3,3,0,1,8,0,7,0,6,9,4,6,0,7,0,1,0,4,0,0,0,0,0,1,1
4,1,none,none,2,2,0,0,0,0,0,0,1,1,0,0,0,0,0,NA,0,NA,NA,NA,NA,NA,NA,NA,NA,NA,NA,NA,NA,NA,NA,NA,NA,NA,NA,NA,NA,NA,NA,NA,NA,NA,NA,NA,NA,NA,NA,NA,NA,NA,NA,NA,NA,NA,NA,1,1
5,1,none,none,3,1,0,0,0,0,0,0,1,1,0,0,0,0,0,15,58,3.866666667,15,1,7,0,6,6,6,0,8,7,8,9,0,0,0,0,0,0,0,0,0,0,0,0,0,0,0,0,0,0,0,0,0,0,0,0,0,1,1
6,1,none,none,3,2,0,0,0,0,0,0,1,1,0,0,0,0,0,NA,0,NA,NA,NA,NA,NA,NA,NA,NA,NA,NA,NA,NA,NA,NA,NA,NA,NA,NA,NA,NA,NA,NA,NA,NA,NA,NA,NA,NA,NA,NA,NA,NA,NA,NA,NA,NA,NA,NA,1,1
7,1,none,none,4,1,0,0,0,0,0,0,1,1,0,0,0,0,0,28,128,4.571428571,27,3,5,0,8,5,6,0,9,8,8,12,0,14,5,12,0,0,8,1,11,2,3,8,0,0,0,0,0,0,0,0,0,0,0,0,0,1,1
8,1,none,none,4,2,0,0,0,0,0,0,1,1,0,0,0,0,0,NA,0,NA,NA,NA,NA,NA,NA,NA,NA,NA,NA,NA,NA,NA,NA,NA,NA,NA,NA,NA,NA,NA,NA,NA,NA,NA,NA,NA,NA,NA,NA,NA,NA,NA,NA,NA,NA,NA,NA,1,1
9,1,none,none,5,1,0,0,0,0,0,0,1,1,0,0,0,0,0,39,152,3.897435897,34,2,8,0,8,7,5,0,9,5,8,6,0,7,8,7,0,4,10,0,8,0,5,11,0,9,1,13,0,0,11,0,0,0,0,0,0,1,1
10,1,none,none,5,2,0,0,0,0,0,0,1,1,0,0,0,0,0,NA,0,NA,NA,NA,NA,NA,NA,NA,NA,NA,NA,NA,NA,NA,NA,NA,NA,NA,NA,NA,NA,NA,NA,NA,NA,NA,NA,NA,NA,NA,NA,NA,NA,NA,NA,NA,NA,NA,NA,1,1
11,1,none,none,6,1,0,0,0,0,0,0,1,1,0,0,0,0,0,17,70,4.117647059,15,0,3,7,7,5,9,0,9,10,5,15,0,0,0,0,0,0,0,0,0,0,0,0,0,0,0,0,0,0,0,0,0,0,0,0,0,1,1
12,1,none,none,6,2,0,0,0,0,0,0,1,1,0,0,0,0,0,NA,0,NA,NA,NA,NA,NA,NA,NA,NA,NA,NA,NA,NA,NA,NA,NA,NA,NA,NA,NA,NA,NA,NA,NA,NA,NA,NA,NA,NA,NA,NA,NA,NA,NA,NA,NA,NA,NA,NA,1,1
13,1,none,none,7,1,0,0,0,0,0,0,1,1,0,0,0,0,0,29,97,3.344827586,28,0,1,2,6,6,0,1,9,10,7,10,0,7,2,0,0,7,9,0,0,11,0,0,9,0,0,0,0,0,0,0,0,0,0,0,0,1,1
14,1,none,none,7,2,0,0,0,0,0,0,1,1,0,0,0,0,0,NA,0,NA,NA,NA,NA,NA,NA,NA,NA,NA,NA,NA,NA,NA,NA,NA,NA,NA,NA,NA,NA,NA,NA,NA,NA,NA,NA,NA,NA,NA,NA,NA,NA,NA,NA,NA,NA,NA,NA,1,1
15,1,none,none,8,1,0,0,0,0,0,0,1,1,0,0,0,0,0,18,70,3.888888889,17,0,3,7,4,5,0,6,7,11,0,10,13,4,0,0,0,0,0,0,0,0,0,0,0,0,0,0,0,0,0,0,0,0,0,0,0,1,1
16,1,none,none,8,2,0,0,0,0,0,0,1,1,0,0,0,0,0,NA,0,NA,NA,NA,NA,NA,NA,NA,NA,NA,NA,NA,NA,NA,NA,NA,NA,NA,NA,NA,NA,NA,NA,NA,NA,NA,NA,NA,NA,NA,NA,NA,NA,NA,NA,NA,NA,NA,NA,1,1
17,1,none,none,9,1,0,0,0,0,0,0,1,1,0,0,0,0,0,17,72,4.235294118,17,0,2,6,6,6,0,7,7,9,10,14,0,5,0,0,0,0,0,0,0,0,0,0,0,0,0,0,0,0,0,0,0,0,0,0,0,1,1
18,1,none,none,9,2,0,0,0,0,0,0,1,1,0,0,0,0,0,NA,0,NA,NA,NA,NA,NA,NA,NA,NA,NA,NA,NA,NA,NA,NA,NA,NA,NA,NA,NA,NA,NA,NA,NA,NA,NA,NA,NA,NA,NA,NA,NA,NA,NA,NA,NA,NA,NA,NA,1,1
19,1,none,none,10,1,0,0,0,0,0,0,1,1,0,0,0,0,0,16,76,4.75,16,0,3,4,6,5,0,9,10,11,0,17,11,0,0,0,0,0,0,0,0,0,0,0,0,0,0,0,0,0,0,0,0,0,0,0,0,1,1
20,1,none,none,10,2,0,0,0,0,0,0,1,1,0,0,0,0,0,NA,0,NA,NA,NA,NA,NA,NA,NA,NA,NA,NA,NA,NA,NA,NA,NA,NA,NA,NA,NA,NA,NA,NA,NA,NA,NA,NA,NA,NA,NA,NA,NA,NA,NA,NA,NA,NA,NA,NA,1,1
21,1,none,none,11,1,0,0,0,0,0,0,1,1,0,0,0,0,0,24,124,5.166666667,22,0,2,8,4,6,0,9,10,10,10,11,0,13,12,13,0,10,6,0,0,0,0,0,0,0,0,0,0,0,0,0,0,0,0,0,0,1,1
22,1,none,none,11,2,0,0,0,0,0,0,1,1,0,0,0,0,0,NA,0,NA,NA,NA,NA,NA,NA,NA,NA,NA,NA,NA,NA,NA,NA,NA,NA,NA,NA,NA,NA,NA,NA,NA,NA,NA,NA,NA,NA,NA,NA,NA,NA,NA,NA,NA,NA,NA,NA,1,1
23,1,none,none,12,1,0,0,0,0,0,0,1,1,0,0,0,0,0,29,103,3.551724138,28,0,3,7,5,4,0,8,9,9,9,10,0,8,7,7,0,2,10,0,0,0,0,0,5,0,0,0,0,0,0,0,0,0,0,0,0,1,1
24,1,none,none,12,2,0,0,0,0,0,0,1,1,0,0,0,0,0,NA,0,NA,NA,NA,NA,NA,NA,NA,NA,NA,NA,NA,NA,NA,NA,NA,NA,NA,NA,NA,NA,NA,NA,NA,NA,NA,NA,NA,NA,NA,NA,NA,NA,NA,NA,NA,NA,NA,NA,1,1
25,1,none,none,13,1,0,0,0,0,0,0,1,1,0,0,0,0,0,39,160,4.102564103,35,0,4,7,5,7,0,6,9,11,0,11,14,2,6,0,0,9,9,0,0,12,0,6,11,3,1,7,6,8,0,6,0,0,0,0,0,1,1
26,1,none,none,13,2,0,0,0,0,0,0,1,1,0,0,0,0,0,NA,0,NA,NA,NA,NA,NA,NA,NA,NA,NA,NA,NA,NA,NA,NA,NA,NA,NA,NA,NA,NA,NA,NA,NA,NA,NA,NA,NA,NA,NA,NA,NA,NA,NA,NA,NA,NA,NA,NA,1,1
27,1,none,none,14,1,0,0,0,0,0,0,1,1,0,0,0,0,0,17,77,4.529411765,17,0,2,8,5,4,0,7,8,11,11,15,0,6,0,0,0,0,0,0,0,0,0,0,0,0,0,0,0,0,0,0,0,0,0,0,0,1,1
28,1,none,none,14,2,0,0,0,0,0,0,1,1,0,0,0,0,0,NA,0,NA,NA,NA,NA,NA,NA,NA,NA,NA,NA,NA,NA,NA,NA,NA,NA,NA,NA,NA,NA,NA,NA,NA,NA,NA,NA,NA,NA,NA,NA,NA,NA,NA,NA,NA,NA,NA,NA,1,1
29,1,none,none,15,1,0,0,0,0,0,0,1,1,0,0,0,0,0,18,77,4.277777778,18,0,3,7,6,4,0,1,7,6,10,15,0,11,7,0,0,0,0,0,0,0,0,0,0,0,0,0,0,0,0,0,0,0,0,0,0,1,1
30,1,none,none,15,2,0,0,0,0,0,0,1,1,0,0,0,0,0,NA,0,NA,NA,NA,NA,NA,NA,NA,NA,NA,NA,NA,NA,NA,NA,NA,NA,NA,NA,NA,NA,NA,NA,NA,NA,NA,NA,NA,NA,NA,NA,NA,NA,NA,NA,NA,NA,NA,NA,1,1
31,1,none,none,16,1,0,0,0,0,0,0,1,1,0,0,0,0,0,30,104,3.466666667,28,0,2,7,5,4,0,7,6,8,11,7,0,7,9,7,0,6,9,0,0,5,0,0,4,0,0,0,0,0,0,0,0,0,0,0,0,1,1
32,1,none,none,16,2,0,0,0,0,0,0,1,1,0,0,0,0,0,NA,0,NA,NA,NA,NA,NA,NA,NA,NA,NA,NA,NA,NA,NA,NA,NA,NA,NA,NA,NA,NA,NA,NA,NA,NA,NA,NA,NA,NA,NA,NA,NA,NA,NA,NA,NA,NA,NA,NA,1,1
33,1,none,none,17,1,0,0,0,0,0,0,1,1,0,0,0,0,0,29,90,3.103448276,22,0,2,6,7,4,0,5,7,6,7,10,0,7,7,11,0,8,3,0,0,0,0,0,0,0,0,0,0,0,0,0,0,0,0,0,0,1,1
34,1,none,none,17,2,0,0,0,0,0,0,1,1,0,0,0,0,0,NA,0,NA,NA,NA,NA,NA,NA,NA,NA,NA,NA,NA,NA,NA,NA,NA,NA,NA,NA,NA,NA,NA,NA,NA,NA,NA,NA,NA,NA,NA,NA,NA,NA,NA,NA,NA,NA,NA,NA,1,1
35,1,none,none,18,1,0,0,0,0,0,0,1,1,0,0,0,0,0,36,158,4.388888889,34,0,3,6,6,7,0,9,10,11,10,15,0,10,?,9,0,11,11,0,0,7,4,10,0,5,0,10,0,0,4,0,0,0,0,0,0,1,1
36,1,none,none,18,2,0,0,0,0,0,0,1,1,0,0,0,0,0,NA,0,NA,NA,NA,NA,NA,NA,NA,NA,NA,NA,NA,NA,NA,NA,NA,NA,NA,NA,NA,NA,NA,NA,NA,NA,NA,NA,NA,NA,NA,NA,NA,NA,NA,NA,NA,NA,NA,NA,1,1
37,1,none,none,19,1,0,0,0,0,0,0,1,1,0,0,0,0,0,18,86,4.777777778,18,0,3,7,4,4,8,0,7,11,10,17,0,5,10,0,0,0,0,0,0,0,0,0,0,0,0,0,0,0,0,0,0,0,0,0,0,1,1
38,1,none,none,19,2,0,0,0,0,0,0,1,1,0,0,0,0,0,NA,0,NA,NA,NA,NA,NA,NA,NA,NA,NA,NA,NA,NA,NA,NA,NA,NA,NA,NA,NA,NA,NA,NA,NA,NA,NA,NA,NA,NA,NA,NA,NA,NA,NA,NA,NA,NA,NA,NA,1,1
39,1,none,none,20,1,0,0,0,0,0,0,1,1,0,0,0,0,0,34,145,4.264705882,33,0,3,7,6,5,0,8,11,12,0,17,14,5,3,0,0,10,10,0,0,13,0,1,12,0,6,0,1,1,0,0,0,0,0,0,0,1,1
40,1,none,none,20,2,0,0,0,0,0,0,1,1,0,0,0,0,0,NA,0,NA,NA,NA,NA,NA,NA,NA,NA,NA,NA,NA,NA,NA,NA,NA,NA,NA,NA,NA,NA,NA,NA,NA,NA,NA,NA,NA,NA,NA,NA,NA,NA,NA,NA,NA,NA,NA,NA,1,1
41,1,none,none,21,1,0,0,0,0,0,0,1,1,0,0,0,0,0,18,60,3.333333333,17,0,3,7,4,6,0,8,8,7,0,15,0,2,0,0,0,0,0,0,0,0,0,0,0,0,0,0,0,0,0,0,0,0,0,0,0,1,1
42,1,none,none,21,2,0,0,0,0,0,0,1,1,0,0,0,0,0,NA,0,NA,NA,NA,NA,NA,NA,NA,NA,NA,NA,NA,NA,NA,NA,NA,NA,NA,NA,NA,NA,NA,NA,NA,NA,NA,NA,NA,NA,NA,NA,NA,NA,NA,NA,NA,NA,NA,NA,1,1
43,1,none,none,22,1,0,0,0,0,0,0,1,1,1,0,0,0,0,40,148,3.7,35,0,2,8,5,6,0,8,9,5,0,20,0,5,9,0,3,9,11,6,0,11,0,2,10,0,0,11,1,3,1,3,0,0,0,0,0,1,1
44,1,none,none,22,2,0,0,0,0,0,0,1,1,1,0,0,0,0,NA,0,NA,NA,NA,NA,NA,NA,NA,NA,NA,NA,NA,NA,NA,NA,NA,NA,NA,NA,NA,NA,NA,NA,NA,NA,NA,NA,NA,NA,NA,NA,NA,NA,NA,NA,NA,NA,NA,NA,1,1
45,1,none,none,23,1,0,0,0,0,0,0,1,1,0,0,0,0,0,18,88,4.888888889,18,0,2,7,6,6,0,8,9,10,0,8,14,8,10,0,0,0,0,0,0,0,0,0,0,0,0,0,0,0,0,0,0,0,0,0,0,1,1
46,1,none,none,23,2,0,0,0,0,0,0,1,1,0,0,0,0,0,NA,0,NA,NA,NA,NA,NA,NA,NA,NA,NA,NA,NA,NA,NA,NA,NA,NA,NA,NA,NA,NA,NA,NA,NA,NA,NA,NA,NA,NA,NA,NA,NA,NA,NA,NA,NA,NA,NA,NA,1,1
47,1,none,none,24,1,0,0,0,0,0,0,1,1,0,0,0,0,0,21,82,3.904761905,22,0,2,7,7,4,0,8,7,8,4,18,0,7,6,0,0,?,4,0,0,0,0,0,0,0,0,0,0,0,0,0,0,0,0,0,0,1,1
48,1,none,none,24,2,0,0,0,0,0,0,1,1,0,0,0,0,0,NA,0,NA,NA,NA,NA,NA,NA,NA,NA,NA,NA,NA,NA,NA,NA,NA,NA,NA,NA,NA,NA,NA,NA,NA,NA,NA,NA,NA,NA,NA,NA,NA,NA,NA,NA,NA,NA,NA,NA,1,1
49,1,none,none,25,1,0,0,0,0,0,0,1,1,0,0,0,0,0,39,173,4.435897436,35,0,3,8,6,7,0,4,9,11,0,14,15,10,11,1,10,15,15,0,0,6,0,7,0,0,5,4,0,0,7,5,0,0,0,0,0,1,1
50,1,none,none,25,2,0,0,0,0,0,0,1,1,0,0,0,0,0,NA,0,NA,NA,NA,NA,NA,NA,NA,NA,NA,NA,NA,NA,NA,NA,NA,NA,NA,NA,NA,NA,NA,NA,NA,NA,NA,NA,NA,NA,NA,NA,NA,NA,NA,NA,NA,NA,NA,NA,1,1
51,1,none,none,26,1,0,0,0,0,0,0,1,1,0,0,0,0,0,35,155,4.428571429,35,3,5,7,0,6,6,4,6,0,14,16,16,0,9,9,0,0,6,0,13,0,9,6,7,0,1,8,0,1,0,3,0,0,0,0,0,1,1
52,1,none,none,26,2,0,0,0,0,0,0,1,1,0,0,0,0,0,NA,0,NA,NA,NA,NA,NA,NA,NA,NA,NA,NA,NA,NA,NA,NA,NA,NA,NA,NA,NA,NA,NA,NA,NA,NA,NA,NA,NA,NA,NA,NA,NA,NA,NA,NA,NA,NA,NA,NA,1,1
53,1,none,none,27,1,0,0,0,0,0,0,1,1,0,0,0,0,0,16,77,4.8125,15,1,6,11,0,6,7,8,8,0,15,15,0,0,0,0,0,0,0,0,0,0,0,0,0,0,0,0,0,0,0,0,0,0,0,0,0,1,1
54,1,none,none,27,2,0,0,0,0,0,0,1,1,0,0,0,0,0,NA,0,NA,NA,NA,NA,NA,NA,NA,NA,NA,NA,NA,NA,NA,NA,NA,NA,NA,NA,NA,NA,NA,NA,NA,NA,NA,NA,NA,NA,NA,NA,NA,NA,NA,NA,NA,NA,NA,NA,1,1
55,1,none,none,28,1,0,0,0,0,0,0,1,1,0,0,0,0,0,31,174,5.612903226,31,0,3,8,6,4,0,7,8,12,13,14,0,7,13,0,9,14,14,0,0,14,0,15,0,11,1,1,0,0,0,0,0,0,0,0,0,1,1
56,1,none,none,28,2,0,0,0,0,0,0,1,1,0,0,0,0,0,NA,0,NA,NA,NA,NA,NA,NA,NA,NA,NA,NA,NA,NA,NA,NA,NA,NA,NA,NA,NA,NA,NA,NA,NA,NA,NA,NA,NA,NA,NA,NA,NA,NA,NA,NA,NA,NA,NA,NA,1,1
57,1,none,none,29,1,0,0,0,0,0,0,1,1,0,0,0,0,0,19,37,1.947368421,18,0,2,7,6,4,2,4,7,2,0,0,2,0,1,0,0,0,0,0,0,0,0,0,0,0,0,0,0,0,0,0,0,0,0,0,0,1,1
58,1,none,none,29,2,0,0,0,0,0,0,1,1,0,0,0,0,0,NA,0,NA,NA,NA,NA,NA,NA,NA,NA,NA,NA,NA,NA,NA,NA,NA,NA,NA,NA,NA,NA,NA,NA,NA,NA,NA,NA,NA,NA,NA,NA,NA,NA,NA,NA,NA,NA,NA,NA,1,1
59,1,none,none,30,1,0,0,0,0,0,0,1,1,0,0,0,0,0,31,161,5.193548387,30,0,4,6,6,4,0,8,7,5,0,15,17,6,12,0,7,16,15,0,7,15,0,0,4,0,7,0,0,0,0,0,0,0,0,0,0,1,1
60,1,none,none,30,2,0,0,0,0,0,0,1,1,0,0,0,0,0,NA,0,NA,NA,NA,NA,NA,NA,NA,NA,NA,NA,NA,NA,NA,NA,NA,NA,NA,NA,NA,NA,NA,NA,NA,NA,NA,NA,NA,NA,NA,NA,NA,NA,NA,NA,NA,NA,NA,NA,1,1
61,2,none,single,1,1,0,0,0,NA,0,0,0,1,0,0,2,1,0,36,106,2.944444444,4,2,6,0,8,0,0,1,12,9,1,6,15,0,12,9,0,8,8,2,1,1,2,0,0,3,0,0,0,0,0,0,0,0,0,0,0,1,2
62,2,none,single,1,2,0,0,0,NA,0,0,0,1,0,0,2,1,0,NA,0,NA,4,NA,NA,NA,NA,NA,NA,NA,NA,NA,NA,NA,NA,NA,NA,NA,NA,NA,NA,NA,NA,NA,NA,NA,NA,NA,NA,NA,NA,NA,NA,NA,NA,NA,NA,NA,NA,1,2
63,2,none,single,2,1,0,0,0,NA,0,0,0,1,0,0,2,1,1,35,166,4.742857143,4,2,5,1,8,7,8,9,11,0,13,15,15,0,10,9,0,7,8,0,5,0,8,0,0,12,0,8,0,0,5,0,0,0,0,0,0,1,2
64,2,none,single,2,2,0,0,0,NA,0,0,0,1,0,0,2,1,1,NA,0,NA,4,NA,NA,NA,NA,NA,NA,NA,NA,NA,NA,NA,NA,NA,NA,NA,NA,NA,NA,NA,NA,NA,NA,NA,NA,NA,NA,NA,NA,NA,NA,NA,NA,NA,NA,NA,NA,1,2
65,2,none,single,3,1,0,0,0,NA,0,0,0,1,0,0,2,1,0,22,105,4.772727273,4,0,5,9,1,7,0,9,14,0,0,17,1,12,10,0,6,14,0,0,0,0,0,0,0,0,0,0,0,0,0,0,0,0,0,0,0,1,2
66,2,none,single,3,2,0,0,0,NA,0,0,0,1,0,0,2,1,0,NA,0,NA,4,NA,NA,NA,NA,NA,NA,NA,NA,NA,NA,NA,NA,NA,NA,NA,NA,NA,NA,NA,NA,NA,NA,NA,NA,NA,NA,NA,NA,NA,NA,NA,NA,NA,NA,NA,NA,1,2
67,2,none,single,4,1,0,0,0,0,0,0,1,1,0,0,2,1,0,24,34,1.416666667,14,0,1,8,7,0,0,0,10,8,0,0,0,0,0,0,0,0,0,0,0,0,0,0,0,0,0,0,0,0,0,0,0,0,0,0,0,1,2
68,2,none,single,4,2,269,275,225,220,247.25,1,1,1,0,0,2,1,0,NA,0,NA,NA,NA,NA,NA,NA,NA,NA,NA,NA,NA,NA,NA,NA,NA,NA,NA,NA,NA,NA,NA,NA,NA,NA,NA,NA,NA,NA,NA,NA,NA,NA,NA,NA,NA,NA,NA,NA,1,2
69,2,none,single,5,1,0,0,0,0,0,0,1,1,0,0,2,1,0,19,12,0.631578947,9,0,6,0,6,0,0,0,0,0,0,0,0,0,0,0,0,0,0,0,0,0,0,0,0,0,0,0,0,0,0,0,0,0,0,0,0,1,2
70,2,none,single,5,2,194,154,157,156,165.25,1,1,1,0,0,2,1,0,NA,0,NA,NA,NA,NA,NA,NA,NA,NA,NA,NA,NA,NA,NA,NA,NA,NA,NA,NA,NA,NA,NA,NA,NA,NA,NA,NA,NA,NA,NA,NA,NA,NA,NA,NA,NA,NA,NA,NA,1,2
71,2,none,single,6,1,0,0,0,0,0,0,1,1,0,0,2,1,1,39,141,3.615384615,34,3,4,0,7,0,0,0,10,7,11,5,3,9,7,12,0,1,11,0,5,5,3,5,0,5,6,0,8,8,6,0,0,0,0,0,0,1,2
72,2,none,single,6,2,228,15,0,0,60.75,1,1,1,0,0,2,1,1,NA,0,NA,NA,NA,NA,NA,NA,NA,NA,NA,NA,NA,NA,NA,NA,NA,NA,NA,NA,NA,NA,NA,NA,NA,NA,NA,NA,NA,NA,NA,NA,NA,NA,NA,NA,NA,NA,NA,NA,1,2
73,2,none,single,7,1,0,0,0,NA,0,0,0,1,0,0,2,1,0,36,175,4.861111111,4,2,7,0,8,7,0,2,3,0,16,17,17,0,10,13,7,11,0,4,13,0,8,2,4,1,7,11,0,0,4,1,0,0,0,0,0,1,2
74,2,none,single,7,2,0,0,0,NA,0,0,0,1,0,0,2,1,0,NA,0,NA,4,NA,NA,NA,NA,NA,NA,NA,NA,NA,NA,NA,NA,NA,NA,NA,NA,NA,NA,NA,NA,NA,NA,NA,NA,NA,NA,NA,NA,NA,NA,NA,NA,NA,NA,NA,NA,1,2
75,2,none,single,8,1,0,0,0,NA,0,0,1,1,0,0,2,1,0,39,82,2.102564103,24,0,2,4,4,0,0,0,9,3,8,0,1,9,11,11,0,8,0,1,11,0,0,0,0,0,0,0,0,0,0,0,0,0,0,0,0,1,2
76,2,none,single,8,2,410,369,395,NA,391.3333333,1,1,1,0,0,2,1,0,NA,0,NA,NA,NA,NA,NA,NA,NA,NA,NA,NA,NA,NA,NA,NA,NA,NA,NA,NA,NA,NA,NA,NA,NA,NA,NA,NA,NA,NA,NA,NA,NA,NA,NA,NA,NA,NA,NA,NA,1,2
77,2,none,single,9,1,0,0,0,0,0,0,1,1,0,0,2,1,0,22,54,2.454545455,22,0,2,5,5,0,7,0,8,10,0,0,0,0,0,0,0,7,10,0,0,0,0,0,0,0,0,0,0,0,0,0,0,0,0,0,0,1,2
78,2,none,single,9,2,187,263,159,222,207.75,1,1,1,0,0,2,1,0,NA,0,NA,NA,NA,NA,NA,NA,NA,NA,NA,NA,NA,NA,NA,NA,NA,NA,NA,NA,NA,NA,NA,NA,NA,NA,NA,NA,NA,NA,NA,NA,NA,NA,NA,NA,NA,NA,NA,NA,1,2
79,2,none,single,10,1,0,0,0,0,0,0,1,1,0,0,2,1,0,17,12,0.705882353,8,0,2,5,5,0,0,0,0,0,0,0,0,?,0,0,0,0,0,0,0,0,0,0,0,0,0,0,0,0,0,0,0,0,0,0,0,1,2
80,2,none,single,10,2,523,614,520,561,554.5,1,1,1,0,0,2,1,0,NA,0,NA,NA,NA,NA,NA,NA,NA,NA,NA,NA,NA,NA,NA,NA,NA,NA,NA,NA,NA,NA,NA,NA,NA,NA,NA,NA,NA,NA,NA,NA,NA,NA,NA,NA,NA,NA,NA,NA,1,2
81,2,none,single,11,1,NA,NA,NA,NA,NA,0,0,1,0,0,2,1,0,7,9,1.285714286,4,0,2,7,0,0,0,0,0,0,0,0,0,0,0,0,0,0,0,0,0,0,0,0,0,0,0,0,0,0,0,0,0,0,0,0,0,1,2
82,2,none,single,11,2,NA,NA,NA,NA,NA,0,0,1,0,0,2,1,0,NA,0,NA,4,NA,NA,NA,NA,NA,NA,NA,NA,NA,NA,NA,NA,NA,NA,NA,NA,NA,NA,NA,NA,NA,NA,NA,NA,NA,NA,NA,NA,NA,NA,NA,NA,NA,NA,NA,NA,1,2
83,2,none,single,12,1,NA,NA,NA,NA,NA,0,0,1,1,0,2,1,0,40,114,2.85,4,0,8,0,7,0,0,0,0,9,0,15,0,7,7,9,0,3,7,0,1,8,3,0,0,7,0,7,0,0,9,7,0,0,0,0,0,1,2
84,2,none,single,12,2,NA,NA,NA,NA,NA,0,0,1,1,0,2,1,0,NA,0,NA,4,NA,NA,NA,NA,NA,NA,NA,NA,NA,NA,NA,NA,NA,NA,NA,NA,NA,NA,NA,NA,NA,NA,NA,NA,NA,NA,NA,NA,NA,NA,NA,NA,NA,NA,NA,NA,1,2
85,2,none,single,13,1,0,0,0,NA,0,0,0,1,0,0,2,1,0,36,84,2.333333333,4,0,2,5,5,0,0,0,0,2,8,13,0,4,6,6,0,7,11,0,0,7,0,2,0,0,0,0,0,3,3,0,0,0,0,0,0,1,2
86,2,none,single,13,2,0,0,0,NA,0,0,0,1,0,0,2,1,0,NA,0,NA,4,NA,NA,NA,NA,NA,NA,NA,NA,NA,NA,NA,NA,NA,NA,NA,NA,NA,NA,NA,NA,NA,NA,NA,NA,NA,NA,NA,NA,NA,NA,NA,NA,NA,NA,NA,NA,1,2
87,2,none,single,14,1,0,0,0,NA,0,0,1,1,0,0,2,1,0,30,27,0.9,9,0,8,8,5,6,0,0,0,0,0,0,0,0,0,0,0,0,0,0,0,0,0,0,0,0,0,0,0,0,0,0,0,0,0,0,0,1,2
88,2,none,single,14,2,1121,1176,1062,NA,1119.666667,1,1,1,0,0,2,1,0,NA,0,NA,NA,NA,NA,NA,NA,NA,NA,NA,NA,NA,NA,NA,NA,NA,NA,NA,NA,NA,NA,NA,NA,NA,NA,NA,NA,NA,NA,NA,NA,NA,NA,NA,NA,NA,NA,NA,NA,1,2
89,2,none,single,15,1,0,0,0,NA,0,0,1,1,0,0,2,1,1,23,15,0.652173913,8,0,8,0,7,0,0,0,0,0,0,0,0,0,0,?,0,0,0,0,0,0,0,0,0,0,0,0,0,0,0,0,0,0,0,0,0,1,2
90,2,none,single,15,2,417,423,454,NA,431.3333333,1,1,1,0,0,2,1,1,NA,0,NA,NA,NA,NA,NA,NA,NA,NA,NA,NA,NA,NA,NA,NA,NA,NA,NA,NA,NA,NA,NA,NA,NA,NA,NA,NA,NA,NA,NA,NA,NA,NA,NA,NA,NA,NA,NA,NA,1,2
91,2,none,single,16,1,0,0,0,0,0,0,1,1,0,0,2,1,0,18,16,0.888888889,8,2,8,0,6,0,0,0,0,0,0,0,0,0,0,0,0,0,0,0,0,0,0,0,0,0,0,0,0,0,0,0,0,0,0,0,0,1,2
92,2,none,single,16,2,541,567,495,471,518.5,1,1,1,0,0,2,1,0,NA,0,NA,NA,NA,NA,NA,NA,NA,NA,NA,NA,NA,NA,NA,NA,NA,NA,NA,NA,NA,NA,NA,NA,NA,NA,NA,NA,NA,NA,NA,NA,NA,NA,NA,NA,NA,NA,NA,NA,1,2
93,2,none,single,17,1,0,0,0,0,0,0,1,1,0,0,2,1,0,16,16,1,8,1,7,0,8,0,0,0,0,0,0,0,0,0,0,0,0,0,0,0,0,0,0,0,0,0,0,0,0,0,0,0,0,0,0,0,0,1,2
94,2,none,single,17,2,275,318,279,363,308.75,1,1,1,0,0,2,1,0,NA,0,NA,NA,NA,NA,NA,NA,NA,NA,NA,NA,NA,NA,NA,NA,NA,NA,NA,NA,NA,NA,NA,NA,NA,NA,NA,NA,NA,NA,NA,NA,NA,NA,NA,NA,NA,NA,NA,NA,1,2
95,2,none,single,18,1,0,0,0,0,0,0,1,1,0,0,2,1,0,20,39,1.95,19,2,7,0,8,1,0,0,0,8,6,6,0,0,0,1,0,0,0,0,0,0,0,0,0,0,0,0,0,0,0,0,0,0,0,0,0,1,2
96,2,none,single,18,2,139,105,44,83,92.75,1,1,1,0,0,2,1,0,NA,0,NA,NA,NA,NA,NA,NA,NA,NA,NA,NA,NA,NA,NA,NA,NA,NA,NA,NA,NA,NA,NA,NA,NA,NA,NA,NA,NA,NA,NA,NA,NA,NA,NA,NA,NA,NA,NA,NA,1,2
97,2,none,single,19,1,0,0,0,0,0,0,1,1,0,0,2,1,0,23,35,1.52173913,19,2,6,0,7,4,0,0,8,7,0,0,0,0,0,1,0,0,0,0,0,0,0,0,0,0,0,0,0,0,0,0,0,0,0,0,0,1,2
98,2,none,single,19,2,46,83,51,69,62.25,1,1,1,0,0,2,1,0,NA,0,NA,NA,NA,NA,NA,NA,NA,NA,NA,NA,NA,NA,NA,NA,NA,NA,NA,NA,NA,NA,NA,NA,NA,NA,NA,NA,NA,NA,NA,NA,NA,NA,NA,NA,NA,NA,NA,NA,1,2
99,2,none,single,20,1,0,0,0,0,0,0,1,1,0,0,2,1,0,21,29,1.380952381,12,1,8,0,8,0,0,0,12,0,0,0,0,0,0,0,0,0,0,0,0,0,0,0,0,0,0,0,0,0,0,0,0,0,0,0,0,1,2
100,2,none,single,20,2,325,371,330,363,347.25,1,1,1,0,0,2,1,0,NA,0,NA,NA,NA,NA,NA,NA,NA,NA,NA,NA,NA,NA,NA,NA,NA,NA,NA,NA,NA,NA,NA,NA,NA,NA,NA,NA,NA,NA,NA,NA,NA,NA,NA,NA,NA,NA,NA,NA,1,2
101,2,none,single,21,1,0,0,0,0,0,0,1,1,0,0,2,1,0,18,21,1.166666667,12,2,6,0,6,6,0,0,1,0,0,0,0,0,0,0,0,0,0,0,0,0,0,0,0,0,0,0,0,0,0,0,0,0,0,0,0,1,2
102,2,none,single,21,2,310,364,244,201,279.75,1,1,1,0,0,2,1,0,NA,0,NA,NA,NA,NA,NA,NA,NA,NA,NA,NA,NA,NA,NA,NA,NA,NA,NA,NA,NA,NA,NA,NA,NA,NA,NA,NA,NA,NA,NA,NA,NA,NA,NA,NA,NA,NA,NA,NA,1,2
103,2,none,single,22,1,0,0,0,NA,0,0,1,1,0,0,2,1,0,20,22,1.1,9,1,6,0,7,8,0,0,0,0,0,0,0,0,0,0,0,0,0,0,0,0,0,0,0,0,0,0,0,0,0,0,0,0,0,0,0,1,2
104,2,none,single,22,2,6,5,4,NA,5,1,1,1,0,0,2,1,0,NA,0,NA,NA,NA,NA,NA,NA,NA,NA,NA,NA,NA,NA,NA,NA,NA,NA,NA,NA,NA,NA,NA,NA,NA,NA,NA,NA,NA,NA,NA,NA,NA,NA,NA,NA,NA,NA,NA,NA,1,2
105,2,none,single,23,1,0,0,0,0,0,0,1,1,0,0,2,1,0,12,27,2.25,10,2,6,0,6,5,8,0,0,0,0,0,0,0,0,0,0,0,0,0,0,0,0,0,0,0,0,0,0,0,0,0,0,0,0,0,0,1,2
106,2,none,single,23,2,2,19,4,5,7.5,1,1,1,0,0,2,1,0,NA,0,NA,NA,NA,NA,NA,NA,NA,NA,NA,NA,NA,NA,NA,NA,NA,NA,NA,NA,NA,NA,NA,NA,NA,NA,NA,NA,NA,NA,NA,NA,NA,NA,NA,NA,NA,NA,NA,NA,1,2
107,2,none,single,24,1,0,0,0,NA,0,0,0,1,0,0,2,1,0,21,67,3.19047619,4,0,3,3,6,0,6,0,9,10,0,15,0,9,6,0,0,0,0,0,0,0,0,0,0,0,0,0,0,0,0,0,0,0,0,0,0,1,2
108,2,none,single,24,2,0,0,0,NA,0,0,0,1,0,0,2,1,0,NA,0,NA,4,NA,NA,NA,NA,NA,NA,NA,NA,NA,NA,NA,NA,NA,NA,NA,NA,NA,NA,NA,NA,NA,NA,NA,NA,NA,NA,NA,NA,NA,NA,NA,NA,NA,NA,NA,NA,1,2
109,2,none,single,25,1,0,0,0,NA,0,0,1,1,0,0,2,1,0,26,12,0.461538462,8,0,2,6,4,0,0,0,0,0,0,0,0,0,0,0,0,0,0,0,0,0,0,0,0,0,0,0,0,0,0,0,0,0,0,0,0,1,2
110,2,none,single,25,2,762,734,628,NA,708,1,1,1,0,0,2,1,0,NA,0,NA,NA,NA,NA,NA,NA,NA,NA,NA,NA,NA,NA,NA,NA,NA,NA,NA,NA,NA,NA,NA,NA,NA,NA,NA,NA,NA,NA,NA,NA,NA,NA,NA,NA,NA,NA,NA,NA,1,2
111,2,none,single,26,1,0,0,0,NA,0,0,0,1,0,0,2,1,0,17,61,3.588235294,4,0,2,7,4,0,0,4,12,11,0,5,11,5,0,0,0,0,0,0,0,0,0,0,0,0,0,0,0,0,0,0,0,0,0,0,0,1,2
112,2,none,single,26,2,0,0,0,NA,0,0,0,1,0,0,2,1,0,NA,0,NA,4,NA,NA,NA,NA,NA,NA,NA,NA,NA,NA,NA,NA,NA,NA,NA,NA,NA,NA,NA,NA,NA,NA,NA,NA,NA,NA,NA,NA,NA,NA,NA,NA,NA,NA,NA,NA,1,2
113,2,none,single,27,1,0,0,0,NA,0,0,0,1,0,0,2,1,0,32,114,3.5625,4,0,2,8,5,0,0,0,0,12,17,2,0,14,9,1,0,9,12,0,0,10,1,0,0,9,1,0,2,0,0,0,0,0,0,0,0,1,2
114,2,none,single,27,2,0,0,0,NA,0,0,0,1,0,0,2,1,0,NA,0,NA,4,NA,NA,NA,NA,NA,NA,NA,NA,NA,NA,NA,NA,NA,NA,NA,NA,NA,NA,NA,NA,NA,NA,NA,NA,NA,NA,NA,NA,NA,NA,NA,NA,NA,NA,NA,NA,1,2
115,2,none,single,28,1,0,0,0,NA,0,0,0,1,0,0,2,1,0,22,89,4.045454545,4,0,1,6,4,0,0,0,11,12,3,15,0,9,8,5,0,7,8,0,0,0,0,0,0,0,0,0,0,0,0,0,0,0,0,0,0,1,2
116,2,none,single,28,2,0,0,0,NA,0,0,0,1,0,0,2,1,0,NA,0,NA,4,NA,NA,NA,NA,NA,NA,NA,NA,NA,NA,NA,NA,NA,NA,NA,NA,NA,NA,NA,NA,NA,NA,NA,NA,NA,NA,NA,NA,NA,NA,NA,NA,NA,NA,NA,NA,1,2
117,2,none,single,29,1,0,0,0,NA,0,0,0,1,0,0,2,1,0,20,75,3.75,4,0,4,8,6,0,0,6,0,14,11,12,0,8,6,0,0,0,0,0,0,0,0,0,0,0,0,0,0,0,0,0,0,0,0,0,0,1,2
118,2,none,single,29,2,0,0,0,NA,0,0,0,1,0,0,2,1,0,NA,0,NA,4,NA,NA,NA,NA,NA,NA,NA,NA,NA,NA,NA,NA,NA,NA,NA,NA,NA,NA,NA,NA,NA,NA,NA,NA,NA,NA,NA,NA,NA,NA,NA,NA,NA,NA,NA,NA,1,2
119,2,none,single,30,1,0,0,0,NA,0,0,1,1,0,0,2,1,0,32,70,2.1875,31,0,4,5,2,0,0,0,9,10,0,5,0,5,6,1,0,5,5,1,0,5,0,1,0,3,0,3,0,0,0,0,0,0,0,0,0,1,2
120,2,none,single,30,2,10,5,0,NA,5,1,1,1,0,0,2,1,0,NA,0,NA,NA,NA,NA,NA,NA,NA,NA,NA,NA,NA,NA,NA,NA,NA,NA,NA,NA,NA,NA,NA,NA,NA,NA,NA,NA,NA,NA,NA,NA,NA,NA,NA,NA,NA,NA,NA,NA,1,2
121,3,single,none,1,1,86,84,72,NA,80.66666667,1,1,1,0,0,1,1,0,9,14,1.555555556,9,1,3,5,0,5,0,0,0,0,0,0,0,0,0,0,0,0,0,0,0,0,0,0,0,0,0,0,0,0,0,0,0,0,0,0,0,2,2
122,3,single,none,1,2,0,0,0,NA,0,0,1,1,0,0,1,1,0,NA,0,NA,NA,NA,NA,NA,NA,NA,NA,NA,NA,NA,NA,NA,NA,NA,NA,NA,NA,NA,NA,NA,NA,NA,NA,NA,NA,NA,NA,NA,NA,NA,NA,NA,NA,NA,NA,NA,NA,2,2
123,3,single,none,2,1,NA,NA,NA,NA,NA,1,0,1,0,0,1,1,0,17,67,3.941176471,4,2,4,7,0,5,6,7,8,0,3,9,16,0,0,0,0,0,0,0,0,0,0,0,0,0,0,0,0,0,0,0,0,0,0,0,0,2,2
124,3,single,none,2,2,NA,NA,NA,NA,NA,0,0,1,0,0,1,1,0,NA,0,NA,4,NA,NA,NA,NA,NA,NA,NA,NA,NA,NA,NA,NA,NA,NA,NA,NA,NA,NA,NA,NA,NA,NA,NA,NA,NA,NA,NA,NA,NA,NA,NA,NA,NA,NA,NA,NA,2,2
125,3,single,none,3,1,31,29,25,NA,28.33333333,1,1,1,0,0,1,1,1,12,20,1.666666667,9,0,4,8,4,4,0,0,0,0,0,0,0,0,0,0,0,0,0,0,0,0,0,0,0,0,0,0,0,0,0,0,0,0,0,0,0,2,2
126,3,single,none,3,2,0,0,0,NA,0,0,1,1,0,0,1,1,1,NA,0,NA,NA,NA,NA,NA,NA,NA,NA,NA,NA,NA,NA,NA,NA,NA,NA,NA,NA,NA,NA,NA,NA,NA,NA,NA,NA,NA,NA,NA,NA,NA,NA,NA,NA,NA,NA,NA,NA,2,2
127,3,single,none,4,1,82,122,91,90,96.25,1,1,1,0,0,1,1,0,12,17,1.416666667,11,1,2,6,4,2,0,2,0,0,0,0,0,0,0,0,0,0,0,0,0,0,0,0,0,0,0,0,0,0,0,0,0,0,0,0,0,2,2
128,3,single,none,4,2,0,0,0,0,0,0,1,1,0,0,1,1,0,NA,0,NA,NA,NA,NA,NA,NA,NA,NA,NA,NA,NA,NA,NA,NA,NA,NA,NA,NA,NA,NA,NA,NA,NA,NA,NA,NA,NA,NA,NA,NA,NA,NA,NA,NA,NA,NA,NA,NA,2,2
129,3,single,none,5,1,181,256,232,258,231.75,1,1,1,0,0,1,1,0,12,24,2,12,0,8,0,5,6,0,4,1,0,0,0,0,0,0,0,0,0,0,0,0,0,0,0,0,0,0,0,0,0,0,0,0,0,0,0,0,2,2
130,3,single,none,5,2,0,0,0,0,0,0,1,1,0,0,1,1,0,NA,0,NA,NA,NA,NA,NA,NA,NA,NA,NA,NA,NA,NA,NA,NA,NA,NA,NA,NA,NA,NA,NA,NA,NA,NA,NA,NA,NA,NA,NA,NA,NA,NA,NA,NA,NA,NA,NA,NA,2,2
131,3,single,none,6,1,NA,NA,NA,NA,NA,1,0,1,0,0,1,1,0,12,21,1.75,4,0,5,5,5,1,0,5,0,0,0,0,0,0,0,0,0,0,0,0,0,0,0,0,0,0,0,0,0,0,0,0,0,0,0,0,0,2,2
132,3,single,none,6,2,NA,NA,NA,NA,NA,0,0,1,0,0,1,1,0,NA,0,NA,4,NA,NA,NA,NA,NA,NA,NA,NA,NA,NA,NA,NA,NA,NA,NA,NA,NA,NA,NA,NA,NA,NA,NA,NA,NA,NA,NA,NA,NA,NA,NA,NA,NA,NA,NA,NA,2,2
133,3,single,none,7,1,NA,NA,NA,NA,NA,1,0,1,0,0,1,1,0,8,12,1.5,4,0,12,0,0,0,0,0,0,0,0,0,0,0,0,0,0,0,0,0,0,0,0,0,0,0,0,0,0,0,0,0,0,0,0,0,0,2,2
134,3,single,none,7,2,NA,NA,NA,NA,NA,0,0,1,0,0,1,1,0,NA,0,NA,4,NA,NA,NA,NA,NA,NA,NA,NA,NA,NA,NA,NA,NA,NA,NA,NA,NA,NA,NA,NA,NA,NA,NA,NA,NA,NA,NA,NA,NA,NA,NA,NA,NA,NA,NA,NA,2,2
135,3,single,none,8,1,NA,NA,NA,NA,NA,1,0,1,0,0,1,1,0,9,14,1.555555556,4,0,7,0,5,2,0,0,0,0,0,0,0,0,0,0,0,0,0,0,0,0,0,0,0,0,0,0,0,0,0,0,0,0,0,0,0,2,2
136,3,single,none,8,2,NA,NA,NA,NA,NA,0,0,1,0,0,1,1,0,NA,0,NA,4,NA,NA,NA,NA,NA,NA,NA,NA,NA,NA,NA,NA,NA,NA,NA,NA,NA,NA,NA,NA,NA,NA,NA,NA,NA,NA,NA,NA,NA,NA,NA,NA,NA,NA,NA,NA,2,2
137,3,single,none,9,1,49,57,53,87,61.5,1,1,1,0,0,1,1,0,12,20,1.666666667,11,0,2,8,4,4,0,2,0,0,0,0,0,0,0,0,0,0,0,0,0,0,0,0,0,0,0,0,0,0,0,0,0,0,0,0,0,2,2
138,3,single,none,9,2,0,0,0,0,0,0,1,1,0,0,1,1,0,NA,0,NA,NA,NA,NA,NA,NA,NA,NA,NA,NA,NA,NA,NA,NA,NA,NA,NA,NA,NA,NA,NA,NA,NA,NA,NA,NA,NA,NA,NA,NA,NA,NA,NA,NA,NA,NA,NA,NA,2,2
139,3,single,none,10,1,240,242,232,NA,238,1,1,1,0,0,1,1,0,12,27,2.25,12,0,2,8,7,4,0,3,3,0,0,0,0,0,0,0,0,0,0,0,0,0,0,0,0,0,0,0,0,0,0,0,0,0,0,0,0,2,2
140,3,single,none,10,2,0,0,0,NA,0,0,1,1,0,0,1,1,0,NA,0,NA,NA,NA,NA,NA,NA,NA,NA,NA,NA,NA,NA,NA,NA,NA,NA,NA,NA,NA,NA,NA,NA,NA,NA,NA,NA,NA,NA,NA,NA,NA,NA,NA,NA,NA,NA,NA,NA,2,2
141,3,single,none,11,1,22,22,11,12,16.75,1,1,1,0,0,1,1,0,10,17,1.7,9,2,5,1,6,3,0,0,0,0,0,0,0,0,0,0,0,0,0,0,0,0,0,0,0,0,0,0,0,0,0,0,0,0,0,0,0,2,2
142,3,single,none,11,2,0,0,0,0,0,0,1,1,0,0,1,1,0,NA,0,NA,NA,NA,NA,NA,NA,NA,NA,NA,NA,NA,NA,NA,NA,NA,NA,NA,NA,NA,NA,NA,NA,NA,NA,NA,NA,NA,NA,NA,NA,NA,NA,NA,NA,NA,NA,NA,NA,2,2
143,3,single,none,12,1,92,112,88,NA,97.33333333,1,1,1,0,0,1,1,0,10,15,1.5,9,2,4,1,4,4,0,0,0,0,0,0,0,0,0,0,0,0,0,0,0,0,0,0,0,0,0,0,0,0,0,0,0,0,0,0,0,2,2
144,3,single,none,12,2,0,0,0,NA,0,0,1,1,0,0,1,1,0,NA,0,NA,NA,NA,NA,NA,NA,NA,NA,NA,NA,NA,NA,NA,NA,NA,NA,NA,NA,NA,NA,NA,NA,NA,NA,NA,NA,NA,NA,NA,NA,NA,NA,NA,NA,NA,NA,NA,NA,2,2
145,3,single,none,13,1,134,121,109,141,126.25,1,0,1,0,1,1,1,0,12,21,1.75,10,3,6,0,6,4,2,0,0,0,0,0,0,0,0,0,0,0,0,0,0,0,0,0,0,0,0,0,0,0,0,0,0,0,0,0,0,2,2
146,3,single,none,13,2,1,0,0,2,0.75,1,0,1,0,1,1,1,0,NA,0,NA,NA,NA,NA,NA,NA,NA,NA,NA,NA,NA,NA,NA,NA,NA,NA,NA,NA,NA,NA,NA,NA,NA,NA,NA,NA,NA,NA,NA,NA,NA,NA,NA,NA,NA,NA,NA,NA,2,2
147,3,single,none,14,1,57,49,50,NA,52,1,1,1,0,0,1,1,0,12,25,2.083333333,10,2,6,0,6,6,5,0,0,0,0,0,0,0,0,0,0,0,0,0,0,0,0,0,0,0,0,0,0,0,0,0,0,0,0,0,0,2,2
148,3,single,none,14,2,0,0,0,NA,0,0,1,1,0,0,1,1,0,NA,0,NA,NA,NA,NA,NA,NA,NA,NA,NA,NA,NA,NA,NA,NA,NA,NA,NA,NA,NA,NA,NA,NA,NA,NA,NA,NA,NA,NA,NA,NA,NA,NA,NA,NA,NA,NA,NA,NA,2,2
149,3,single,none,15,1,NA,NA,NA,NA,NA,1,0,1,0,0,1,1,0,17,85,5,4,1,7,0,9,7,6,0,8,10,12,11,0,14,0,0,0,0,0,0,0,0,0,0,0,0,0,0,0,0,0,0,0,0,0,0,0,2,2
150,3,single,none,15,2,NA,NA,NA,NA,NA,0,0,1,0,0,1,1,0,NA,0,NA,4,NA,NA,NA,NA,NA,NA,NA,NA,NA,NA,NA,NA,NA,NA,NA,NA,NA,NA,NA,NA,NA,NA,NA,NA,NA,NA,NA,NA,NA,NA,NA,NA,NA,NA,NA,NA,2,2
151,3,single,none,16,1,NA,NA,NA,NA,NA,1,0,1,0,0,1,1,0,17,69,4.058823529,4,0,6,0,6,5,8,0,5,10,11,12,0,6,0,0,0,0,0,0,0,0,0,0,0,0,0,0,0,0,0,0,0,0,0,0,0,2,2
152,3,single,none,16,2,NA,NA,NA,NA,NA,0,0,1,0,0,1,1,0,NA,0,NA,4,NA,NA,NA,NA,NA,NA,NA,NA,NA,NA,NA,NA,NA,NA,NA,NA,NA,NA,NA,NA,NA,NA,NA,NA,NA,NA,NA,NA,NA,NA,NA,NA,NA,NA,NA,NA,2,2
153,3,single,none,17,1,164,205,223,208,200,1,1,1,0,0,1,1,0,12,22,1.833333333,11,2,6,0,7,4,0,3,0,0,0,0,0,0,0,0,0,0,0,0,0,0,0,0,0,0,0,0,0,0,0,0,0,0,0,0,0,2,2
154,3,single,none,17,2,0,0,0,0,0,0,1,1,0,0,1,1,0,NA,0,NA,NA,NA,NA,NA,NA,NA,NA,NA,NA,NA,NA,NA,NA,NA,NA,NA,NA,NA,NA,NA,NA,NA,NA,NA,NA,NA,NA,NA,NA,NA,NA,NA,NA,NA,NA,NA,NA,2,2
155,3,single,none,18,1,77,102,90,NA,89.66666667,1,1,1,0,0,1,1,0,9,17,1.888888889,9,1,6,0,6,4,0,0,0,0,0,0,0,0,0,0,0,0,0,0,0,0,0,0,0,0,0,0,0,0,0,0,0,0,0,0,0,2,2
156,3,single,none,18,2,0,0,0,NA,0,0,1,1,0,0,1,1,0,NA,0,NA,NA,NA,NA,NA,NA,NA,NA,NA,NA,NA,NA,NA,NA,NA,NA,NA,NA,NA,NA,NA,NA,NA,NA,NA,NA,NA,NA,NA,NA,NA,NA,NA,NA,NA,NA,NA,NA,2,2
157,3,single,none,19,1,81,94,147,NA,107.3333333,1,1,1,0,0,1,1,1,13,23,1.769230769,11,0,4,8,6,4,0,1,0,0,0,0,0,0,0,0,0,0,0,0,0,0,0,0,0,0,0,0,0,0,0,0,0,0,0,0,0,2,2
158,3,single,none,19,2,0,0,0,NA,0,0,1,1,0,0,1,1,1,NA,0,NA,NA,NA,NA,NA,NA,NA,NA,NA,NA,NA,NA,NA,NA,NA,NA,NA,NA,NA,NA,NA,NA,NA,NA,NA,NA,NA,NA,NA,NA,NA,NA,NA,NA,NA,NA,NA,NA,2,2
159,3,single,none,20,1,31,29,25,NA,28.33333333,1,1,1,0,0,1,1,0,7,10,1.428571429,6,3,7,0,0,0,0,0,0,0,0,0,0,0,0,0,0,0,0,0,0,0,0,0,0,0,0,0,0,0,0,0,0,0,0,0,0,2,2
160,3,single,none,20,2,0,0,0,NA,0,0,1,1,0,0,1,1,0,NA,0,NA,NA,NA,NA,NA,NA,NA,NA,NA,NA,NA,NA,NA,NA,NA,NA,NA,NA,NA,NA,NA,NA,NA,NA,NA,NA,NA,NA,NA,NA,NA,NA,NA,NA,NA,NA,NA,NA,2,2
161,3,single,none,21,1,209,182,184,NA,191.6666667,1,0,1,0,1,1,1,0,12,26,2.166666667,11,0,3,6,8,7,0,2,0,0,0,0,0,0,0,0,0,0,0,0,0,0,0,0,0,0,0,0,0,0,0,0,0,0,0,0,0,2,2
162,3,single,none,21,2,19,13,0,NA,10.66666667,1,0,1,0,1,1,1,0,NA,0,NA,NA,NA,NA,NA,NA,NA,NA,NA,NA,NA,NA,NA,NA,NA,NA,NA,NA,NA,NA,NA,NA,NA,NA,NA,NA,NA,NA,NA,NA,NA,NA,NA,NA,NA,NA,NA,NA,2,2
163,3,single,none,22,1,257,211,175,305,237,1,1,1,0,0,1,1,0,14,33,2.357142857,14,0,3,4,6,6,0,7,6,0,1,0,0,0,0,0,0,0,0,0,0,0,0,0,0,0,0,0,0,0,0,0,0,0,0,0,0,2,2
164,3,single,none,22,2,0,0,0,0,0,0,1,1,0,0,1,1,0,NA,0,NA,NA,NA,NA,NA,NA,NA,NA,NA,NA,NA,NA,NA,NA,NA,NA,NA,NA,NA,NA,NA,NA,NA,NA,NA,NA,NA,NA,NA,NA,NA,NA,NA,NA,NA,NA,NA,NA,2,2
165,3,single,none,23,1,21,40,19,21,25.25,1,1,1,0,0,1,1,0,12,22,1.833333333,11,2,4,8,0,3,3,2,0,0,0,0,0,0,0,0,0,0,0,0,0,0,0,0,0,0,0,0,0,0,0,0,0,0,0,0,0,2,2
166,3,single,none,23,2,0,0,0,0,0,0,1,1,0,0,1,1,0,NA,0,NA,NA,NA,NA,NA,NA,NA,NA,NA,NA,NA,NA,NA,NA,NA,NA,NA,NA,NA,NA,NA,NA,NA,NA,NA,NA,NA,NA,NA,NA,NA,NA,NA,NA,NA,NA,NA,NA,2,2
167,3,single,none,24,1,13,12,12,NA,12.33333333,1,1,1,0,0,1,1,1,12,23,1.916666667,10,2,5,7,0,4,5,0,0,0,0,0,0,0,0,0,0,0,0,0,0,0,0,0,0,0,0,0,0,0,0,0,0,0,0,0,0,2,2
168,3,single,none,24,2,0,0,0,NA,0,0,1,1,0,0,1,1,1,NA,0,NA,NA,NA,NA,NA,NA,NA,NA,NA,NA,NA,NA,NA,NA,NA,NA,NA,NA,NA,NA,NA,NA,NA,NA,NA,NA,NA,NA,NA,NA,NA,NA,NA,NA,NA,NA,NA,NA,2,2
169,3,single,none,25,1,43,42,73,NA,52.66666667,1,1,1,0,0,1,1,0,11,16,1.454545455,9,0,4,5,4,3,0,0,0,0,0,0,0,0,0,0,0,0,0,0,0,0,0,0,0,0,0,0,0,0,0,0,0,0,0,0,0,2,2
170,3,single,none,25,2,0,0,0,NA,0,0,1,1,0,0,1,1,0,NA,0,NA,NA,NA,NA,NA,NA,NA,NA,NA,NA,NA,NA,NA,NA,NA,NA,NA,NA,NA,NA,NA,NA,NA,NA,NA,NA,NA,NA,NA,NA,NA,NA,NA,NA,NA,NA,NA,NA,2,2
171,3,single,none,26,1,0,0,0,NA,0,0,0,1,0,0,1,1,1,17,80,4.705882353,4,0,2,7,6,5,7,0,8,11,8,13,1,12,0,0,0,0,0,0,0,0,0,0,0,0,0,0,0,0,0,0,0,0,0,0,0,2,2
172,3,single,none,26,2,0,0,0,NA,0,0,0,1,0,0,1,1,1,NA,0,NA,4,NA,NA,NA,NA,NA,NA,NA,NA,NA,NA,NA,NA,NA,NA,NA,NA,NA,NA,NA,NA,NA,NA,NA,NA,NA,NA,NA,NA,NA,NA,NA,NA,NA,NA,NA,NA,2,2
173,3,single,none,27,1,244,225,241,NA,236.6666667,1,1,1,0,0,1,1,0,13,30,2.307692308,12,2,7,0,8,6,6,0,1,0,0,0,0,0,0,0,0,0,0,0,0,0,0,0,0,0,0,0,0,0,0,0,0,0,0,0,0,2,2
174,3,single,none,27,2,0,0,0,NA,0,0,1,1,0,0,1,1,0,NA,0,NA,NA,NA,NA,NA,NA,NA,NA,NA,NA,NA,NA,NA,NA,NA,NA,NA,NA,NA,NA,NA,NA,NA,NA,NA,NA,NA,NA,NA,NA,NA,NA,NA,NA,NA,NA,NA,NA,2,2
175,3,single,none,28,1,21,19,18,21,19.75,1,1,1,0,0,1,1,1,10,21,2.1,9,0,3,5,7,6,0,0,0,0,0,0,0,0,0,0,0,0,0,0,0,0,0,0,0,0,0,0,0,0,0,0,0,0,0,0,0,2,2
176,3,single,none,28,2,0,0,0,0,0,0,1,1,0,0,1,1,1,NA,0,NA,NA,NA,NA,NA,NA,NA,NA,NA,NA,NA,NA,NA,NA,NA,NA,NA,NA,NA,NA,NA,NA,NA,NA,NA,NA,NA,NA,NA,NA,NA,NA,NA,NA,NA,NA,NA,NA,2,2
177,3,single,none,29,1,66,88,66,NA,73.33333333,1,1,1,0,0,1,1,1,13,27,2.076923077,10,0,7,0,6,8,6,0,0,0,0,0,0,0,0,0,0,0,0,0,0,0,0,0,0,0,0,0,0,0,0,0,0,0,0,0,0,2,2
178,3,single,none,29,2,0,0,0,NA,0,0,1,1,0,0,1,1,1,NA,0,NA,NA,NA,NA,NA,NA,NA,NA,NA,NA,NA,NA,NA,NA,NA,NA,NA,NA,NA,NA,NA,NA,NA,NA,NA,NA,NA,NA,NA,NA,NA,NA,NA,NA,NA,NA,NA,NA,2,2
179,3,single,none,30,1,128,191,229,NA,182.6666667,1,0,1,0,1,1,1,0,11,18,1.636363636,10,1,?,6,0,5,6,0,0,0,0,0,0,0,0,0,0,0,0,0,0,0,0,0,0,0,0,0,0,0,0,0,0,0,0,0,0,2,2
180,3,single,none,30,2,2,0,2,NA,1.333333333,1,0,1,0,1,1,1,0,NA,0,NA,NA,NA,NA,NA,NA,NA,NA,NA,NA,NA,NA,NA,NA,NA,NA,NA,NA,NA,NA,NA,NA,NA,NA,NA,NA,NA,NA,NA,NA,NA,NA,NA,NA,NA,NA,NA,NA,2,2
181,4,simultaneous,simultaneous,1,1,186,184,211,NA,193.6666667,1,1,2,0,0,2,1,0,12,17,1.416666667,8,0,10,0,7,0,0,0,0,0,0,0,0,0,0,0,0,0,0,0,0,0,0,0,0,0,0,0,0,0,0,0,0,0,0,0,0,2,2
182,4,simultaneous,simultaneous,1,2,77,56,66,NA,66.33333333,1,1,2,0,0,2,1,0,NA,0,NA,NA,NA,NA,NA,NA,NA,NA,NA,NA,NA,NA,NA,NA,NA,NA,NA,NA,NA,NA,NA,NA,NA,NA,NA,NA,NA,NA,NA,NA,NA,NA,NA,NA,NA,NA,NA,NA,2,2
183,4,simultaneous,simultaneous,2,1,163,182,164,NA,169.6666667,1,1,2,0,0,2,1,0,12,18,1.5,8,0,4,8,6,0,0,0,0,0,0,0,0,0,0,0,0,0,0,0,0,0,0,0,0,0,0,0,0,0,0,0,0,0,0,0,0,2,2
184,4,simultaneous,simultaneous,2,2,57,55,48,NA,53.33333333,1,1,2,0,0,2,1,0,NA,0,NA,NA,NA,NA,NA,NA,NA,NA,NA,NA,NA,NA,NA,NA,NA,NA,NA,NA,NA,NA,NA,NA,NA,NA,NA,NA,NA,NA,NA,NA,NA,NA,NA,NA,NA,NA,NA,NA,2,2
185,4,simultaneous,simultaneous,3,1,68,75,74,NA,72.33333333,1,1,2,0,0,2,1,1,12,20,1.666666667,8,0,11,2,7,0,0,0,0,0,0,0,0,0,0,0,0,0,0,0,0,0,0,0,0,0,0,0,0,0,0,0,0,0,0,0,0,2,2
186,4,simultaneous,simultaneous,3,2,6,4,4,NA,4.666666667,1,1,2,0,0,2,1,1,NA,0,NA,NA,NA,NA,NA,NA,NA,NA,NA,NA,NA,NA,NA,NA,NA,NA,NA,NA,NA,NA,NA,NA,NA,NA,NA,NA,NA,NA,NA,NA,NA,NA,NA,NA,NA,NA,NA,NA,2,2
187,4,simultaneous,simultaneous,4,1,0,0,0,NA,0,0,0,2,0,0,2,1,0,12,15,1.25,4,0,4,6,5,0,0,0,0,0,0,0,0,0,0,0,0,0,0,0,0,0,0,0,0,0,0,0,0,0,0,0,0,0,0,0,0,2,2
188,4,simultaneous,simultaneous,4,2,0,0,0,NA,0,0,0,2,0,0,2,1,0,NA,0,NA,4,NA,NA,NA,NA,NA,NA,NA,NA,NA,NA,NA,NA,NA,NA,NA,NA,NA,NA,NA,NA,NA,NA,NA,NA,NA,NA,NA,NA,NA,NA,NA,NA,NA,NA,NA,NA,2,2
189,4,simultaneous,simultaneous,5,1,0,0,0,NA,0,0,0,2,0,0,2,1,0,25,16,0.64,4,2,6,0,8,0,0,0,0,0,0,0,0,0,0,0,0,0,0,0,0,0,0,0,0,0,0,0,0,0,0,0,0,0,0,0,0,2,2
190,4,simultaneous,simultaneous,5,2,689,642,662,NA,664.3333333,1,0,2,0,0,2,1,0,NA,0,NA,4,NA,NA,NA,NA,NA,NA,NA,NA,NA,NA,NA,NA,NA,NA,NA,NA,NA,NA,NA,NA,NA,NA,NA,NA,NA,NA,NA,NA,NA,NA,NA,NA,NA,NA,NA,NA,2,2
191,4,simultaneous,simultaneous,6,1,62,85,81,NA,76,1,1,2,0,0,2,1,0,11,18,1.636363636,9,2,5,0,6,5,0,0,0,0,0,0,0,0,0,0,0,0,0,0,0,0,0,0,0,0,0,0,0,0,0,0,0,0,0,0,0,2,2
192,4,simultaneous,simultaneous,6,2,8,2,1,NA,3.666666667,1,1,2,0,0,2,1,0,NA,0,NA,NA,NA,NA,NA,NA,NA,NA,NA,NA,NA,NA,NA,NA,NA,NA,NA,NA,NA,NA,NA,NA,NA,NA,NA,NA,NA,NA,NA,NA,NA,NA,NA,NA,NA,NA,NA,NA,2,2
193,4,simultaneous,simultaneous,7,1,151,159,189,NA,166.3333333,1,1,2,0,0,2,1,0,11,23,2.090909091,9,2,8,0,7,6,?,0,0,0,0,0,0,0,0,0,0,0,0,0,0,0,0,0,0,0,0,0,0,0,0,0,0,0,0,0,0,2,2
194,4,simultaneous,simultaneous,7,2,23,23,28,NA,24.66666667,1,1,2,0,0,2,1,0,NA,0,NA,NA,NA,NA,NA,NA,NA,NA,NA,NA,NA,NA,NA,NA,NA,NA,NA,NA,NA,NA,NA,NA,NA,NA,NA,NA,NA,NA,NA,NA,NA,NA,NA,NA,NA,NA,NA,NA,2,2
195,4,simultaneous,simultaneous,8,1,108,116,154,NA,126,1,1,2,0,0,2,1,1,12,12,1,8,2,6,0,4,0,0,0,0,0,0,0,0,0,0,0,0,0,0,0,0,0,0,0,0,0,0,0,0,0,0,0,0,0,0,0,0,2,2
196,4,simultaneous,simultaneous,8,2,5,4,2,NA,3.666666667,1,1,2,0,0,2,1,1,NA,0,NA,NA,NA,NA,NA,NA,NA,NA,NA,NA,NA,NA,NA,NA,NA,NA,NA,NA,NA,NA,NA,NA,NA,NA,NA,NA,NA,NA,NA,NA,NA,NA,NA,NA,NA,NA,NA,NA,2,2
197,4,simultaneous,simultaneous,9,1,0,0,0,NA,0,0,0,2,0,0,2,1,0,28,19,0.678571429,4,3,7,0,9,0,0,0,0,0,0,0,0,0,0,0,0,0,0,0,0,0,0,0,0,0,0,0,0,0,0,0,0,0,0,0,0,2,2
198,4,simultaneous,simultaneous,9,2,871,837,855,NA,854.3333333,1,0,2,0,0,2,1,0,NA,0,NA,4,NA,NA,NA,NA,NA,NA,NA,NA,NA,NA,NA,NA,NA,NA,NA,NA,NA,NA,NA,NA,NA,NA,NA,NA,NA,NA,NA,NA,NA,NA,NA,NA,NA,NA,NA,NA,2,2
199,4,simultaneous,simultaneous,10,1,0,0,0,NA,0,0,0,2,0,0,2,1,0,36,223,6.194444444,4,2,7,0,8,8,8,9,14,0,14,18,16,0,10,11,0,14,0,5,10,0,12,0,15,0,8,14,0,0,11,9,0,0,0,0,0,2,2
200,4,simultaneous,simultaneous,10,2,0,0,0,NA,0,0,0,2,0,0,2,1,0,NA,0,NA,4,NA,NA,NA,NA,NA,NA,NA,NA,NA,NA,NA,NA,NA,NA,NA,NA,NA,NA,NA,NA,NA,NA,NA,NA,NA,NA,NA,NA,NA,NA,NA,NA,NA,NA,NA,NA,2,2
201,4,simultaneous,simultaneous,11,1,144,184,170,NA,166,1,0,2,0,0,2,1,0,12,30,2.5,4,0,8,5,7,6,4,0,0,0,0,0,0,0,0,0,0,0,0,0,0,0,0,0,0,0,0,0,0,0,0,0,0,0,0,0,0,2,2
202,4,simultaneous,simultaneous,11,2,0,0,0,NA,0,0,0,2,0,0,2,1,0,NA,0,NA,4,NA,NA,NA,NA,NA,NA,NA,NA,NA,NA,NA,NA,NA,NA,NA,NA,NA,NA,NA,NA,NA,NA,NA,NA,NA,NA,NA,NA,NA,NA,NA,NA,NA,NA,NA,NA,2,2
203,4,simultaneous,simultaneous,12,1,170,193,153,187,175.75,1,1,2,0,0,2,1,0,13,31,2.384615385,12,0,4,6,8,4,0,5,4,0,0,0,0,0,0,0,0,0,0,0,0,0,0,0,0,0,0,0,0,0,0,0,0,0,0,0,0,2,2
204,4,simultaneous,simultaneous,12,2,8,17,3,6,8.5,1,1,2,0,0,2,1,0,NA,0,NA,NA,NA,NA,NA,NA,NA,NA,NA,NA,NA,NA,NA,NA,NA,NA,NA,NA,NA,NA,NA,NA,NA,NA,NA,NA,NA,NA,NA,NA,NA,NA,NA,NA,NA,NA,NA,NA,2,2
205,4,simultaneous,simultaneous,13,1,133,176,196,203,177,1,1,2,0,0,2,1,0,13,14,1.076923077,12,0,3,5,5,0,0,0,1,0,0,0,0,0,0,0,0,0,0,0,0,0,0,0,0,0,0,0,0,0,0,0,0,0,0,0,0,2,2
206,4,simultaneous,simultaneous,13,2,77,74,71,70,73,1,1,2,0,0,2,1,0,NA,0,NA,NA,NA,NA,NA,NA,NA,NA,NA,NA,NA,NA,NA,NA,NA,NA,NA,NA,NA,NA,NA,NA,NA,NA,NA,NA,NA,NA,NA,NA,NA,NA,NA,NA,NA,NA,NA,NA,2,2
207,4,simultaneous,simultaneous,14,1,0,0,0,0,0,0,0,2,0,0,2,1,0,23,15,0.652173913,4,0,2,0,0,0,0,0,0,0,0,12,0,0,0,0,1,0,0,0,0,0,0,0,0,0,0,0,0,0,0,0,0,0,0,0,0,2,2
208,4,simultaneous,simultaneous,14,2,546,615,445,377,495.75,1,0,2,0,0,2,1,0,NA,0,NA,4,NA,NA,NA,NA,NA,NA,NA,NA,NA,NA,NA,NA,NA,NA,NA,NA,NA,NA,NA,NA,NA,NA,NA,NA,NA,NA,NA,NA,NA,NA,NA,NA,NA,NA,NA,NA,2,2
209,4,simultaneous,simultaneous,15,1,NA,NA,NA,NA,NA,1,0,2,0,0,2,1,0,31,58,1.870967742,4,0,7,0,7,0,0,0,3,8,3,17,0,6,7,0,0,0,0,0,0,0,0,0,0,0,0,0,0,0,0,0,0,0,0,0,0,2,2
210,4,simultaneous,simultaneous,15,2,NA,NA,NA,NA,NA,1,0,2,0,0,2,1,0,NA,0,NA,4,NA,NA,NA,NA,NA,NA,NA,NA,NA,NA,NA,NA,NA,NA,NA,NA,NA,NA,NA,NA,NA,NA,NA,NA,NA,NA,NA,NA,NA,NA,NA,NA,NA,NA,NA,NA,2,2
211,4,simultaneous,simultaneous,16,1,25,28,28,NA,27,1,1,2,0,0,2,1,1,12,21,1.75,11,0,4,6,6,3,0,2,0,0,0,0,0,0,0,0,0,0,0,0,0,0,0,0,0,0,0,0,0,0,0,0,0,0,0,0,0,2,2
212,4,simultaneous,simultaneous,16,2,1,1,0,NA,0.666666667,1,1,2,0,0,2,1,1,NA,0,NA,NA,NA,NA,NA,NA,NA,NA,NA,NA,NA,NA,NA,NA,NA,NA,NA,NA,NA,NA,NA,NA,NA,NA,NA,NA,NA,NA,NA,NA,NA,NA,NA,NA,NA,NA,NA,NA,2,2
213,4,simultaneous,simultaneous,17,1,34,43,32,NA,36.33333333,1,1,2,0,0,2,1,1,13,16,1.230769231,8,1,7,1,7,0,0,0,0,0,0,0,0,0,0,0,0,0,0,0,0,0,0,0,0,0,0,0,0,0,0,0,0,0,0,0,0,2,2
214,4,simultaneous,simultaneous,17,2,47,29,42,NA,39.33333333,1,1,2,0,0,2,1,1,NA,0,NA,NA,NA,NA,NA,NA,NA,NA,NA,NA,NA,NA,NA,NA,NA,NA,NA,NA,NA,NA,NA,NA,NA,NA,NA,NA,NA,NA,NA,NA,NA,NA,NA,NA,NA,NA,NA,NA,2,2
215,4,simultaneous,simultaneous,18,1,38,43,54,NA,45,1,1,2,0,0,2,1,1,13,14,1.076923077,8,0,4,6,4,0,0,0,0,0,0,0,0,0,0,0,0,0,0,0,0,0,0,0,0,0,0,0,0,0,0,0,0,0,0,0,0,2,2
216,4,simultaneous,simultaneous,18,2,20,11,19,NA,16.66666667,1,1,2,0,0,2,1,1,NA,0,NA,NA,NA,NA,NA,NA,NA,NA,NA,NA,NA,NA,NA,NA,NA,NA,NA,NA,NA,NA,NA,NA,NA,NA,NA,NA,NA,NA,NA,NA,NA,NA,NA,NA,NA,NA,NA,NA,2,2
217,4,simultaneous,simultaneous,19,1,7,2,0,3,3,1,1,2,0,0,2,1,0,31,11,0.35483871,8,0,3,6,1,0,0,0,0,0,0,0,0,0,0,0,0,0,0,0,0,0,0,0,0,1,0,0,0,0,0,0,0,0,0,0,0,2,2
218,4,simultaneous,simultaneous,19,2,553,546,339,512,487.5,1,1,2,0,0,2,1,0,NA,0,NA,NA,NA,NA,NA,NA,NA,NA,NA,NA,NA,NA,NA,NA,NA,NA,NA,NA,NA,NA,NA,NA,NA,NA,NA,NA,NA,NA,NA,NA,NA,NA,NA,NA,NA,NA,NA,NA,2,2
219,4,simultaneous,simultaneous,20,1,0,0,0,NA,0,0,0,2,0,0,2,1,1,13,13,1,4,0,3,6,4,0,0,0,0,0,0,0,0,0,0,0,0,0,0,0,0,0,0,0,0,0,0,0,0,0,0,0,0,0,0,0,0,2,2
220,4,simultaneous,simultaneous,20,2,6,12,7,NA,8.333333333,1,0,2,0,0,2,1,1,NA,0,NA,4,NA,NA,NA,NA,NA,NA,NA,NA,NA,NA,NA,NA,NA,NA,NA,NA,NA,NA,NA,NA,NA,NA,NA,NA,NA,NA,NA,NA,NA,NA,NA,NA,NA,NA,NA,NA,2,2
221,4,simultaneous,simultaneous,21,1,237,272,189,194,223,1,1,2,0,0,2,1,0,13,16,1.230769231,8,3,6,0,7,0,0,0,0,0,0,0,0,0,0,0,0,0,0,0,0,0,0,0,0,0,0,0,0,0,0,0,0,0,0,0,0,2,2
222,4,simultaneous,simultaneous,21,2,112,121,97,72,100.5,1,1,2,0,0,2,1,0,NA,0,NA,NA,NA,NA,NA,NA,NA,NA,NA,NA,NA,NA,NA,NA,NA,NA,NA,NA,NA,NA,NA,NA,NA,NA,NA,NA,NA,NA,NA,NA,NA,NA,NA,NA,NA,NA,NA,NA,2,2
223,4,simultaneous,simultaneous,22,1,168,126,97,130,130.25,1,1,2,0,0,2,1,0,13,15,1.153846154,8,0,9,0,6,0,0,0,0,0,0,0,0,0,0,0,0,0,0,0,0,0,0,0,0,0,0,0,0,0,0,0,0,0,0,0,0,2,2
224,4,simultaneous,simultaneous,22,2,60,27,52,34,43.25,1,1,2,0,0,2,1,0,NA,0,NA,NA,NA,NA,NA,NA,NA,NA,NA,NA,NA,NA,NA,NA,NA,NA,NA,NA,NA,NA,NA,NA,NA,NA,NA,NA,NA,NA,NA,NA,NA,NA,NA,NA,NA,NA,NA,NA,2,2
225,4,simultaneous,simultaneous,23,1,109,100,87,101,99.25,1,1,2,0,0,2,1,0,12,12,1,8,0,5,4,3,0,0,0,0,0,0,0,0,0,0,0,0,0,0,0,0,0,0,0,0,0,0,0,0,0,0,0,0,0,0,0,0,2,2
226,4,simultaneous,simultaneous,23,2,47,12,0,2,15.25,1,1,2,0,0,2,1,0,NA,0,NA,NA,NA,NA,NA,NA,NA,NA,NA,NA,NA,NA,NA,NA,NA,NA,NA,NA,NA,NA,NA,NA,NA,NA,NA,NA,NA,NA,NA,NA,NA,NA,NA,NA,NA,NA,NA,NA,2,2
227,4,simultaneous,simultaneous,24,1,131,170,139,NA,146.6666667,1,1,2,0,0,2,1,0,12,11,0.916666667,8,0,6,0,5,0,0,0,0,0,0,0,0,0,0,0,0,0,0,0,0,0,0,0,0,0,0,0,0,0,0,0,0,0,0,0,0,2,2
228,4,simultaneous,simultaneous,24,2,58,49,39,NA,48.66666667,1,1,2,0,0,2,1,0,NA,0,NA,NA,NA,NA,NA,NA,NA,NA,NA,NA,NA,NA,NA,NA,NA,NA,NA,NA,NA,NA,NA,NA,NA,NA,NA,NA,NA,NA,NA,NA,NA,NA,NA,NA,NA,NA,NA,NA,2,2
229,4,simultaneous,simultaneous,25,1,45,51,52,47,48.75,1,1,2,0,0,2,1,1,11,19,1.727272727,9,1,5,0,6,7,0,0,0,0,0,0,0,0,0,0,0,0,0,0,0,0,0,0,0,0,0,0,0,0,0,0,0,0,0,0,0,2,2
230,4,simultaneous,simultaneous,25,2,0,1,0,0,0.25,1,1,2,0,0,2,1,1,NA,0,NA,NA,NA,NA,NA,NA,NA,NA,NA,NA,NA,NA,NA,NA,NA,NA,NA,NA,NA,NA,NA,NA,NA,NA,NA,NA,NA,NA,NA,NA,NA,NA,NA,NA,NA,NA,NA,NA,2,2
231,4,simultaneous,simultaneous,26,1,49,48,48,NA,48.33333333,1,0,2,0,0,2,1,1,12,17,1.416666667,4,3,6,0,7,1,0,0,0,0,0,0,0,0,0,0,0,0,0,0,0,0,0,0,0,0,0,0,0,0,0,0,0,0,0,0,0,2,2
232,4,simultaneous,simultaneous,26,2,0,0,0,NA,0,0,0,2,0,0,2,1,1,NA,0,NA,4,NA,NA,NA,NA,NA,NA,NA,NA,NA,NA,NA,NA,NA,NA,NA,NA,NA,NA,NA,NA,NA,NA,NA,NA,NA,NA,NA,NA,NA,NA,NA,NA,NA,NA,NA,NA,2,2
233,4,simultaneous,simultaneous,27,1,197,200,111,242,187.5,1,1,2,0,0,2,1,0,13,14,1.076923077,8,2,6,0,6,0,0,0,0,0,0,0,0,0,0,0,0,0,0,0,0,0,0,0,0,0,0,0,0,0,0,0,0,0,0,0,0,2,2
234,4,simultaneous,simultaneous,27,2,24,27,13,18,20.5,1,1,2,0,0,2,1,0,NA,0,NA,NA,NA,NA,NA,NA,NA,NA,NA,NA,NA,NA,NA,NA,NA,NA,NA,NA,NA,NA,NA,NA,NA,NA,NA,NA,NA,NA,NA,NA,NA,NA,NA,NA,NA,NA,NA,NA,2,2
235,4,simultaneous,simultaneous,28,1,0,0,0,0,0,0,0,2,0,0,2,1,0,28,17,0.607142857,4,0,4,9,0,4,0,0,0,0,0,0,0,0,0,0,0,0,0,0,0,0,0,0,0,0,0,0,0,0,0,0,0,0,0,0,0,2,2
236,4,simultaneous,simultaneous,28,2,244,240,161,190,208.75,1,0,2,0,0,2,1,0,NA,0,NA,4,NA,NA,NA,NA,NA,NA,NA,NA,NA,NA,NA,NA,NA,NA,NA,NA,NA,NA,NA,NA,NA,NA,NA,NA,NA,NA,NA,NA,NA,NA,NA,NA,NA,NA,NA,NA,2,2
237,4,simultaneous,simultaneous,29,1,0,0,0,NA,0,0,0,2,0,0,2,1,0,11,31,2.818181818,4,2,?,0,6,7,6,0,10,0,0,0,0,0,0,0,0,0,0,0,0,0,0,0,0,0,0,0,0,0,0,0,0,0,0,0,0,2,2
238,4,simultaneous,simultaneous,29,2,0,0,0,NA,0,0,0,2,0,0,2,1,0,NA,0,NA,4,NA,NA,NA,NA,NA,NA,NA,NA,NA,NA,NA,NA,NA,NA,NA,NA,NA,NA,NA,NA,NA,NA,NA,NA,NA,NA,NA,NA,NA,NA,NA,NA,NA,NA,NA,NA,2,2
239,4,simultaneous,simultaneous,30,1,0,0,0,NA,0,0,0,2,0,0,2,1,0,21,12,0.571428571,4,2,4,0,6,0,0,0,0,0,0,0,0,0,0,0,0,0,0,0,0,0,0,0,0,0,0,0,0,0,0,0,0,0,0,0,0,2,2
240,4,simultaneous,simultaneous,30,2,493,609,616,NA,572.6666667,1,0,2,0,0,2,1,0,NA,0,NA,4,NA,NA,NA,NA,NA,NA,NA,NA,NA,NA,NA,NA,NA,NA,NA,NA,NA,NA,NA,NA,NA,NA,NA,NA,NA,NA,NA,NA,NA,NA,NA,NA,NA,NA,NA,NA,2,2
241,5,second,first,1,1,0,0,0,NA,0,0,0,2,0,0,2,1,1,33,30,0.909090909,4,0,2,7,5,0,0,0,0,0,0,0,0,0,0,8,0,0,0,0,0,7,0,0,0,0,0,1,0,0,0,0,0,0,0,0,0,2,2
242,5,second,first,1,2,666,591,602,NA,619.6666667,1,0,2,0,0,2,1,1,NA,0,NA,4,NA,NA,NA,NA,NA,NA,NA,NA,NA,NA,NA,NA,NA,NA,NA,NA,NA,NA,NA,NA,NA,NA,NA,NA,NA,NA,NA,NA,NA,NA,NA,NA,NA,NA,NA,NA,2,2
243,5,second,first,2,1,34,43,45,NA,40.66666667,1,0,2,0,0,2,1,0,11,23,2.090909091,4,0,1,8,6,0,8,0,0,0,0,0,0,0,0,0,0,0,0,0,0,0,0,0,0,0,0,0,0,0,0,0,0,0,0,0,0,2,2
244,5,second,first,2,2,0,0,0,NA,0,0,0,2,0,0,2,1,0,NA,0,NA,4,NA,NA,NA,NA,NA,NA,NA,NA,NA,NA,NA,NA,NA,NA,NA,NA,NA,NA,NA,NA,NA,NA,NA,NA,NA,NA,NA,NA,NA,NA,NA,NA,NA,NA,NA,NA,2,2
245,5,second,first,3,1,178,190,177,NA,181.6666667,1,1,2,0,0,2,1,0,14,27,1.928571429,12,0,9,0,6,4,7,0,1,0,0,0,0,0,0,0,0,0,0,0,0,0,0,0,0,0,0,0,0,0,0,0,0,0,0,0,0,2,2
246,5,second,first,3,2,5,0,3,NA,2.666666667,1,1,2,0,0,2,1,0,NA,0,NA,NA,NA,NA,NA,NA,NA,NA,NA,NA,NA,NA,NA,NA,NA,NA,NA,NA,NA,NA,NA,NA,NA,NA,NA,NA,NA,NA,NA,NA,NA,NA,NA,NA,NA,NA,NA,NA,2,2
247,5,second,first,4,1,88,93,100,NA,93.66666667,1,1,2,0,0,2,1,0,11,14,1.272727273,8,0,2,8,4,0,0,0,0,0,0,0,0,0,0,0,0,0,0,0,0,0,0,0,0,0,0,0,0,0,0,0,0,0,0,0,0,2,2
248,5,second,first,4,2,9,0,0,NA,3,1,1,2,0,0,2,1,0,NA,0,NA,NA,NA,NA,NA,NA,NA,NA,NA,NA,NA,NA,NA,NA,NA,NA,NA,NA,NA,NA,NA,NA,NA,NA,NA,NA,NA,NA,NA,NA,NA,NA,NA,NA,NA,NA,NA,NA,2,2
249,5,second,first,5,1,NA,NA,NA,NA,NA,1,0,2,0,0,2,1,0,7,7,1,4,0,2,5,0,0,0,0,0,0,0,0,0,0,0,0,0,0,0,0,0,0,0,0,0,0,0,0,0,0,0,0,0,0,0,0,0,2,2
250,5,second,first,5,2,NA,NA,NA,NA,NA,1,0,2,0,0,2,1,0,NA,0,NA,4,NA,NA,NA,NA,NA,NA,NA,NA,NA,NA,NA,NA,NA,NA,NA,NA,NA,NA,NA,NA,NA,NA,NA,NA,NA,NA,NA,NA,NA,NA,NA,NA,NA,NA,NA,NA,2,2
251,5,second,first,6,1,214,198,190,NA,200.6666667,1,1,2,0,0,2,1,0,14,12,0.857142857,8,2,5,4,1,0,0,0,0,0,0,0,0,0,0,0,0,0,0,0,0,0,0,0,0,0,0,0,0,0,0,0,0,0,0,0,0,2,2
252,5,second,first,6,2,31,26,29,NA,28.66666667,1,1,2,0,0,2,1,0,NA,0,NA,NA,NA,NA,NA,NA,NA,NA,NA,NA,NA,NA,NA,NA,NA,NA,NA,NA,NA,NA,NA,NA,NA,NA,NA,NA,NA,NA,NA,NA,NA,NA,NA,NA,NA,NA,NA,NA,2,2
253,5,second,first,7,1,37,33,41,NA,37,1,0,2,0,0,2,1,0,14,27,1.928571429,4,0,3,7,5,0,0,3,9,0,0,0,0,0,0,0,0,0,0,0,0,0,0,0,0,0,0,0,0,0,0,0,0,0,0,0,0,2,2
254,5,second,first,7,2,0,0,0,NA,0,0,0,2,0,0,2,1,0,NA,0,NA,4,NA,NA,NA,NA,NA,NA,NA,NA,NA,NA,NA,NA,NA,NA,NA,NA,NA,NA,NA,NA,NA,NA,NA,NA,NA,NA,NA,NA,NA,NA,NA,NA,NA,NA,NA,NA,2,2
255,5,second,first,8,1,115,162,129,NA,135.3333333,1,0,2,0,0,2,1,0,12,19,1.583333333,4,0,3,9,7,0,0,0,0,0,0,0,0,0,0,0,0,0,0,0,0,0,0,0,0,0,0,0,0,0,0,0,0,0,0,0,0,2,2
256,5,second,first,8,2,0,0,0,NA,0,0,0,2,0,0,2,1,0,NA,0,NA,4,NA,NA,NA,NA,NA,NA,NA,NA,NA,NA,NA,NA,NA,NA,NA,NA,NA,NA,NA,NA,NA,NA,NA,NA,NA,NA,NA,NA,NA,NA,NA,NA,NA,NA,NA,NA,2,2
257,5,second,first,9,1,159,161,139,NA,153,1,0,2,0,0,2,1,0,13,26,2,4,1,1,8,6,0,1,0,9,0,0,0,0,0,0,0,0,0,0,0,0,0,0,0,0,0,0,0,0,0,0,0,0,0,0,0,0,2,2
258,5,second,first,9,2,0,0,0,NA,0,0,0,2,0,0,2,1,0,NA,0,NA,4,NA,NA,NA,NA,NA,NA,NA,NA,NA,NA,NA,NA,NA,NA,NA,NA,NA,NA,NA,NA,NA,NA,NA,NA,NA,NA,NA,NA,NA,NA,NA,NA,NA,NA,NA,NA,2,2
259,5,second,first,10,1,170,185,185,167,176.75,1,1,2,0,0,2,1,0,13,16,1.230769231,9,0,6,0,7,3,0,0,0,0,0,0,0,0,0,0,0,0,0,0,0,0,0,0,0,0,0,0,0,0,0,0,0,0,0,0,0,2,2
260,5,second,first,10,2,154,54,151,141,125,1,1,2,0,0,2,1,0,NA,0,NA,NA,NA,NA,NA,NA,NA,NA,NA,NA,NA,NA,NA,NA,NA,NA,NA,NA,NA,NA,NA,NA,NA,NA,NA,NA,NA,NA,NA,NA,NA,NA,NA,NA,NA,NA,NA,NA,2,2
261,5,second,first,11,1,54,54,47,NA,51.66666667,1,0,2,0,0,2,1,0,13,22,1.692307692,4,0,2,7,6,0,0,0,7,0,0,0,0,0,0,0,0,0,0,0,0,0,0,0,0,0,0,0,0,0,0,0,0,0,0,0,0,2,2
262,5,second,first,11,2,0,0,0,NA,0,0,0,2,0,0,2,1,0,NA,0,NA,4,NA,NA,NA,NA,NA,NA,NA,NA,NA,NA,NA,NA,NA,NA,NA,NA,NA,NA,NA,NA,NA,NA,NA,NA,NA,NA,NA,NA,NA,NA,NA,NA,NA,NA,NA,NA,2,2
263,5,second,first,12,1,NA,NA,NA,NA,NA,1,0,2,0,0,2,1,0,14,23,1.642857143,4,0,4,8,5,0,0,0,6,0,0,0,0,0,0,0,0,0,0,0,0,0,0,0,0,0,0,0,0,0,0,0,0,0,0,0,0,2,2
264,5,second,first,12,2,NA,NA,NA,NA,NA,1,0,2,0,0,2,1,0,NA,0,NA,4,NA,NA,NA,NA,NA,NA,NA,NA,NA,NA,NA,NA,NA,NA,NA,NA,NA,NA,NA,NA,NA,NA,NA,NA,NA,NA,NA,NA,NA,NA,NA,NA,NA,NA,NA,NA,2,2
265,5,second,first,13,1,NA,NA,NA,NA,NA,1,0,2,0,0,2,1,0,11,16,1.454545455,4,0,2,7,7,0,0,0,0,0,0,0,0,0,0,0,0,0,0,0,0,0,0,0,0,0,0,0,0,0,0,0,0,0,0,0,0,2,2
266,5,second,first,13,2,NA,NA,NA,NA,NA,1,0,2,0,0,2,1,0,NA,0,NA,4,NA,NA,NA,NA,NA,NA,NA,NA,NA,NA,NA,NA,NA,NA,NA,NA,NA,NA,NA,NA,NA,NA,NA,NA,NA,NA,NA,NA,NA,NA,NA,NA,NA,NA,NA,NA,2,2
267,5,second,first,14,1,100,219,214,168,175.25,1,1,2,0,0,2,1,0,13,16,1.230769231,8,0,3,7,6,0,0,0,0,0,0,0,0,0,0,0,0,0,0,0,0,0,0,0,0,0,0,0,0,0,0,0,0,0,0,0,0,2,2
268,5,second,first,14,2,15,16,12,7,12.5,1,1,2,0,0,2,1,0,NA,0,NA,NA,NA,NA,NA,NA,NA,NA,NA,NA,NA,NA,NA,NA,NA,NA,NA,NA,NA,NA,NA,NA,NA,NA,NA,NA,NA,NA,NA,NA,NA,NA,NA,NA,NA,NA,NA,NA,2,2
269,5,second,first,15,1,105,112,125,NA,114,1,1,2,0,0,2,1,0,13,18,1.384615385,8,0,9,0,9,0,0,0,0,0,0,0,0,0,0,0,0,0,0,0,0,0,0,0,0,0,0,0,0,0,0,0,0,0,0,0,0,2,2
270,5,second,first,15,2,48,55,64,NA,55.66666667,1,1,2,0,0,2,1,0,NA,0,NA,NA,NA,NA,NA,NA,NA,NA,NA,NA,NA,NA,NA,NA,NA,NA,NA,NA,NA,NA,NA,NA,NA,NA,NA,NA,NA,NA,NA,NA,NA,NA,NA,NA,NA,NA,NA,NA,2,2
271,5,second,first,16,1,28,34,18,32,28,1,0,2,0,0,2,1,1,11,16,1.454545455,4,0,3,8,5,0,0,0,0,0,0,0,0,0,0,0,0,0,0,0,0,0,0,0,0,0,0,0,0,0,0,0,0,0,0,0,0,2,2
272,5,second,first,16,2,0,0,0,0,0,0,0,2,0,0,2,1,1,NA,0,NA,4,NA,NA,NA,NA,NA,NA,NA,NA,NA,NA,NA,NA,NA,NA,NA,NA,NA,NA,NA,NA,NA,NA,NA,NA,NA,NA,NA,NA,NA,NA,NA,NA,NA,NA,NA,NA,2,2
273,5,second,first,17,1,201,257,217,NA,225,1,1,2,0,0,2,1,0,13,23,1.769230769,10,0,3,6,6,0,8,0,0,0,0,0,0,0,0,0,0,0,0,0,0,0,0,0,0,0,0,0,0,0,0,0,0,0,0,0,0,2,2
274,5,second,first,17,2,7,6,9,NA,7.333333333,1,1,2,0,0,2,1,0,NA,0,NA,NA,NA,NA,NA,NA,NA,NA,NA,NA,NA,NA,NA,NA,NA,NA,NA,NA,NA,NA,NA,NA,NA,NA,NA,NA,NA,NA,NA,NA,NA,NA,NA,NA,NA,NA,NA,NA,2,2
275,5,second,first,18,1,120,98,74,NA,97.33333333,1,0,2,0,0,2,1,0,12,29,2.416666667,4,0,4,6,8,0,11,0,0,0,0,0,0,0,0,0,0,0,0,0,0,0,0,0,0,0,0,0,0,0,0,0,0,0,0,0,0,2,2
276,5,second,first,18,2,0,0,0,NA,0,0,0,2,0,0,2,1,0,NA,0,NA,4,NA,NA,NA,NA,NA,NA,NA,NA,NA,NA,NA,NA,NA,NA,NA,NA,NA,NA,NA,NA,NA,NA,NA,NA,NA,NA,NA,NA,NA,NA,NA,NA,NA,NA,NA,NA,2,2
277,5,second,first,19,1,177,186,181,NA,181.3333333,1,0,2,0,0,2,1,0,14,27,1.928571429,4,0,12,0,6,0,9,0,0,0,0,0,0,0,0,0,0,0,0,0,0,0,0,0,0,0,0,0,0,0,0,0,0,0,0,0,0,2,2
278,5,second,first,19,2,0,0,0,NA,0,0,0,2,0,0,2,1,0,NA,0,NA,4,NA,NA,NA,NA,NA,NA,NA,NA,NA,NA,NA,NA,NA,NA,NA,NA,NA,NA,NA,NA,NA,NA,NA,NA,NA,NA,NA,NA,NA,NA,NA,NA,NA,NA,NA,NA,2,2
279,5,second,first,20,1,54,97,116,NA,89,1,1,2,0,0,2,1,0,12,15,1.25,8,0,3,6,6,0,0,0,0,0,0,0,0,0,0,0,0,0,0,0,0,0,0,0,0,0,0,0,0,0,0,0,0,0,0,0,0,2,2
280,5,second,first,20,2,2,2,0,NA,1.333333333,1,1,2,0,0,2,1,0,NA,0,NA,NA,NA,NA,NA,NA,NA,NA,NA,NA,NA,NA,NA,NA,NA,NA,NA,NA,NA,NA,NA,NA,NA,NA,NA,NA,NA,NA,NA,NA,NA,NA,NA,NA,NA,NA,NA,NA,2,2
281,5,second,first,21,1,39,50,42,NA,43.66666667,1,0,2,0,0,2,1,0,11,27,2.454545455,4,3,5,0,7,6,6,0,0,0,0,0,0,0,0,0,0,0,0,0,0,0,0,0,0,0,0,0,0,0,0,0,0,0,0,0,0,2,2
282,5,second,first,21,2,0,0,0,NA,0,0,0,2,0,0,2,1,0,NA,0,NA,4,NA,NA,NA,NA,NA,NA,NA,NA,NA,NA,NA,NA,NA,NA,NA,NA,NA,NA,NA,NA,NA,NA,NA,NA,NA,NA,NA,NA,NA,NA,NA,NA,NA,NA,NA,NA,2,2
283,5,second,first,22,1,113,120,105,NA,112.6666667,1,1,2,0,0,2,1,0,14,16,1.142857143,8,0,3,7,6,0,0,0,0,0,0,0,0,0,0,0,0,0,0,0,0,0,0,0,0,0,0,0,0,0,0,0,0,0,0,0,0,2,2
284,5,second,first,22,2,30,18,4,NA,17.33333333,1,1,2,0,0,2,1,0,NA,0,NA,NA,NA,NA,NA,NA,NA,NA,NA,NA,NA,NA,NA,NA,NA,NA,NA,NA,NA,NA,NA,NA,NA,NA,NA,NA,NA,NA,NA,NA,NA,NA,NA,NA,NA,NA,NA,NA,2,2
285,5,second,first,23,1,48,56,65,NA,56.33333333,1,1,2,0,0,2,1,0,13,15,1.153846154,8,0,7,0,8,0,0,0,0,0,0,0,0,0,0,0,0,0,0,0,0,0,0,0,0,0,0,0,0,0,0,0,0,0,0,0,0,2,2
286,5,second,first,23,2,4,0,1,NA,1.666666667,1,1,2,0,0,2,1,0,NA,0,NA,NA,NA,NA,NA,NA,NA,NA,NA,NA,NA,NA,NA,NA,NA,NA,NA,NA,NA,NA,NA,NA,NA,NA,NA,NA,NA,NA,NA,NA,NA,NA,NA,NA,NA,NA,NA,NA,2,2
287,5,second,first,24,1,240,203,221,NA,221.3333333,1,1,2,0,0,2,1,0,13,18,1.384615385,7,0,4,8,0,0,0,6,0,0,0,0,0,0,0,0,0,0,0,0,0,0,0,0,0,0,0,0,0,0,0,0,0,0,0,0,0,2,2
288,5,second,first,24,2,0,2,0,NA,0.666666667,1,1,2,0,0,2,1,0,NA,0,NA,NA,NA,NA,NA,NA,NA,NA,NA,NA,NA,NA,NA,NA,NA,NA,NA,NA,NA,NA,NA,NA,NA,NA,NA,NA,NA,NA,NA,NA,NA,NA,NA,NA,NA,NA,NA,NA,2,2
289,5,second,first,25,1,1,7,2,NA,3.333333333,1,0,2,0,0,2,1,1,18,64,3.555555556,4,0,3,8,8,8,0,7,6,6,7,4,0,?,6,1,0,0,0,0,0,0,0,0,0,0,0,0,0,0,0,0,0,0,0,0,0,2,2
290,5,second,first,25,2,0,0,0,NA,0,0,0,2,0,0,2,1,1,NA,0,NA,4,NA,NA,NA,NA,NA,NA,NA,NA,NA,NA,NA,NA,NA,NA,NA,NA,NA,NA,NA,NA,NA,NA,NA,NA,NA,NA,NA,NA,NA,NA,NA,NA,NA,NA,NA,NA,2,2
291,5,second,first,26,1,0,0,0,NA,0,0,0,2,0,0,2,1,1,14,15,1.071428571,4,0,3,7,5,0,0,0,0,0,0,0,0,0,0,0,0,0,0,0,0,0,0,0,0,0,0,0,0,0,0,0,0,0,0,0,0,2,2
292,5,second,first,26,2,0,0,0,NA,0,0,0,2,0,0,2,1,1,NA,0,NA,4,NA,NA,NA,NA,NA,NA,NA,NA,NA,NA,NA,NA,NA,NA,NA,NA,NA,NA,NA,NA,NA,NA,NA,NA,NA,NA,NA,NA,NA,NA,NA,NA,NA,NA,NA,NA,2,2
293,5,second,first,27,1,74,72,72,NA,72.66666667,1,1,2,0,0,2,1,1,13,18,1.384615385,8,0,5,6,7,0,0,0,0,0,0,0,0,0,0,0,0,0,0,0,0,0,0,0,0,0,0,0,0,0,0,0,0,0,0,0,0,2,2
294,5,second,first,27,2,114,99,63,NA,92,1,1,2,0,0,2,1,1,NA,0,NA,NA,NA,NA,NA,NA,NA,NA,NA,NA,NA,NA,NA,NA,NA,NA,NA,NA,NA,NA,NA,NA,NA,NA,NA,NA,NA,NA,NA,NA,NA,NA,NA,NA,NA,NA,NA,NA,2,2
295,5,second,first,28,1,161,190,167,NA,172.6666667,1,0,2,0,0,2,1,0,14,25,1.785714286,4,0,7,8,3,0,0,7,0,0,0,0,0,0,0,0,0,0,0,0,0,0,0,0,0,0,0,0,0,0,0,0,0,0,0,0,0,2,2
296,5,second,first,28,2,0,0,0,NA,0,0,0,2,0,0,2,1,0,NA,0,NA,4,NA,NA,NA,NA,NA,NA,NA,NA,NA,NA,NA,NA,NA,NA,NA,NA,NA,NA,NA,NA,NA,NA,NA,NA,NA,NA,NA,NA,NA,NA,NA,NA,NA,NA,NA,NA,2,2
297,5,second,first,29,1,89,140,61,NA,96.66666667,1,1,2,0,0,2,1,0,14,21,1.5,11,0,4,7,4,0,5,1,0,0,0,0,0,0,0,0,0,0,0,0,0,0,0,0,0,0,0,0,0,0,0,0,0,0,0,0,0,2,2
298,5,second,first,29,2,9,11,1,NA,7,1,1,2,0,0,2,1,0,NA,0,NA,NA,NA,NA,NA,NA,NA,NA,NA,NA,NA,NA,NA,NA,NA,NA,NA,NA,NA,NA,NA,NA,NA,NA,NA,NA,NA,NA,NA,NA,NA,NA,NA,NA,NA,NA,NA,NA,2,2
299,5,second,first,30,1,226,232,204,NA,220.6666667,1,1,2,0,0,2,1,0,13,19,1.461538462,12,0,3,6,4,0,0,0,6,0,0,0,0,0,0,0,0,0,0,0,0,0,0,0,0,0,0,0,0,0,0,0,0,0,0,0,0,2,2
300,5,second,first,30,2,0,0,1,NA,0.333333333,1,1,2,0,0,2,1,0,NA,0,NA,NA,NA,NA,NA,NA,NA,NA,NA,NA,NA,NA,NA,NA,NA,NA,NA,NA,NA,NA,NA,NA,NA,NA,NA,NA,NA,NA,NA,NA,NA,NA,NA,NA,NA,NA,NA,NA,2,2
301,6,first,second,1,1,109,90,114,NA,104.3333333,1,1,2,0,0,2,1,0,11,22,2,11,0,3,6,5,4,0,4,0,0,0,0,0,0,0,0,0,0,0,0,0,0,0,0,0,0,0,0,0,0,0,0,0,0,0,0,0,2,2
302,6,first,second,1,2,0,2,0,NA,0.666666667,1,1,2,0,0,2,1,0,NA,0,NA,NA,NA,NA,NA,NA,NA,NA,NA,NA,NA,NA,NA,NA,NA,NA,NA,NA,NA,NA,NA,NA,NA,NA,NA,NA,NA,NA,NA,NA,NA,NA,NA,NA,NA,NA,NA,NA,2,2
303,6,first,second,2,1,0,0,0,NA,0,0,0,2,0,0,2,1,0,37,69,1.864864865,4,0,2,6,0,6,6,0,0,11,0,0,17,0,13,4,2,0,0,0,0,2,0,0,0,0,0,0,0,0,0,0,0,0,0,0,0,2,2
304,6,first,second,2,2,479,463,477,NA,473,1,0,2,0,0,2,1,0,NA,0,NA,4,NA,NA,NA,NA,NA,NA,NA,NA,NA,NA,NA,NA,NA,NA,NA,NA,NA,NA,NA,NA,NA,NA,NA,NA,NA,NA,NA,NA,NA,NA,NA,NA,NA,NA,NA,NA,2,2
305,6,first,second,3,1,0,0,0,NA,0,0,0,2,0,0,2,1,0,21,69,3.285714286,4,0,7,0,5,6,7,0,0,0,9,15,0,8,5,6,0,1, ,0,0,0,0,0,0,0,0,0,0,0,0,0,0,0,0,0,0,2,2
306,6,first,second,3,2,1,0,0,NA,0.333333333,1,0,2,0,0,2,1,0,NA,0,NA,4,NA,NA,NA,NA,NA,NA,NA,NA,NA,NA,NA,NA,NA,NA,NA,NA,NA,NA,NA,NA,NA,NA,NA,NA,NA,NA,NA,NA,NA,NA,NA,NA,NA,NA,NA,NA,2,2
307,6,first,second,4,1,90,90,74,NA,84.66666667,1,1,2,0,0,2,1,0,10,18,1.8,9,2,6,0,4,6,0,0,0,0,0,0,0,0,0,0,0,0,0,0,0,0,0,0,0,0,0,0,0,0,0,0,0,0,0,0,0,2,2
308,6,first,second,4,2,4,7,4,NA,5,1,1,2,0,0,2,1,0,NA,0,NA,NA,NA,NA,NA,NA,NA,NA,NA,NA,NA,NA,NA,NA,NA,NA,NA,NA,NA,NA,NA,NA,NA,NA,NA,NA,NA,NA,NA,NA,NA,NA,NA,NA,NA,NA,NA,NA,2,2
309,6,first,second,5,1,95,110,103,NA,102.6666667,1,1,2,0,0,2,1,0,10,18,1.8,9,0,7,0,6,5,0,0,0,0,0,0,0,0,0,0,0,0,0,0,0,0,0,0,0,0,0,0,0,0,0,0,0,0,0,0,0,2,2
310,6,first,second,5,2,0,2,1,NA,1,1,1,2,0,0,2,1,0,NA,0,NA,NA,NA,NA,NA,NA,NA,NA,NA,NA,NA,NA,NA,NA,NA,NA,NA,NA,NA,NA,NA,NA,NA,NA,NA,NA,NA,NA,NA,NA,NA,NA,NA,NA,NA,NA,NA,NA,2,2
311,6,first,second,6,1,20,23,13,NA,18.66666667,1,1,2,0,0,2,1,0,10,15,1.5,9,1,4,0,4,6,0,0,0,0,0,0,0,0,0,0,0,0,0,0,0,0,0,0,0,0,0,0,0,0,0,0,0,0,0,0,0,2,2
312,6,first,second,6,2,2,3,0,NA,1.666666667,1,1,2,0,0,2,1,0,NA,0,NA,NA,NA,NA,NA,NA,NA,NA,NA,NA,NA,NA,NA,NA,NA,NA,NA,NA,NA,NA,NA,NA,NA,NA,NA,NA,NA,NA,NA,NA,NA,NA,NA,NA,NA,NA,NA,NA,2,2
313,6,first,second,7,1,189,193,241,NA,207.6666667,1,0,2,0,0,2,1,0,12,16,1.333333333,4,0,8,0,6,2,0,0,0,0,0,0,0,0,0,0,0,0,0,0,0,0,0,0,0,0,0,0,0,0,0,0,0,0,0,0,0,2,2
314,6,first,second,7,2,0,0,0,NA,0,0,0,2,0,0,2,1,0,NA,0,NA,4,NA,NA,NA,NA,NA,NA,NA,NA,NA,NA,NA,NA,NA,NA,NA,NA,NA,NA,NA,NA,NA,NA,NA,NA,NA,NA,NA,NA,NA,NA,NA,NA,NA,NA,NA,NA,2,2
315,6,first,second,8,1,0,0,0,NA,0,0,0,2,0,0,2,1,0,25,63,2.52,4,2,6,5,8,7,6,0,0,0,12,16,0,0,0,1,0,0,0,0,0,0,0,0,0,0,0,0,0,0,0,0,0,0,0,0,0,2,2
316,6,first,second,8,2,291,337,289,NA,305.6666667,1,0,2,0,0,2,1,0,NA,0,NA,4,NA,NA,NA,NA,NA,NA,NA,NA,NA,NA,NA,NA,NA,NA,NA,NA,NA,NA,NA,NA,NA,NA,NA,NA,NA,NA,NA,NA,NA,NA,NA,NA,NA,NA,NA,NA,2,2
317,6,first,second,9,1,30,21,20,22,23.25,1,1,2,0,0,2,1,0,10,12,1.2,9,0,2,0,5,5,0,0,0,0,0,0,0,0,0,0,0,0,0,0,0,0,0,0,0,0,0,0,0,0,0,0,0,0,0,0,0,2,2
318,6,first,second,9,2,1,0,1,0,0.5,1,1,2,0,0,2,1,0,NA,0,NA,NA,NA,NA,NA,NA,NA,NA,NA,NA,NA,NA,NA,NA,NA,NA,NA,NA,NA,NA,NA,NA,NA,NA,NA,NA,NA,NA,NA,NA,NA,NA,NA,NA,NA,NA,NA,NA,2,2
319,6,first,second,10,1,0,0,0,NA,0,0,0,2,1,0,2,1,0,40,134,3.35,4,4,7,0,8,8,7,0,9,6,10,15,0,5,6,5,0,4,10,0,0,4,0,9,0,0,3,4,1,0,7,2,0,0,0,0,0,2,2
320,6,first,second,10,2,0,0,0,NA,0,0,0,2,1,0,2,1,0,NA,0,NA,4,NA,NA,NA,NA,NA,NA,NA,NA,NA,NA,NA,NA,NA,NA,NA,NA,NA,NA,NA,NA,NA,NA,NA,NA,NA,NA,NA,NA,NA,NA,NA,NA,NA,NA,NA,NA,2,2
321,6,first,second,11,1,123,176,155,NA,151.3333333,1,1,2,0,0,2,1,0,12,24,2,9,0,3,6,9,6,0,0,0,0,0,0,0,0,0,0,0,0,0,0,0,0,0,0,0,0,0,0,0,0,0,0,0,0,0,0,0,2,2
322,6,first,second,11,2,8,4,0,NA,4,1,1,2,0,0,2,1,0,NA,0,NA,NA,NA,NA,NA,NA,NA,NA,NA,NA,NA,NA,NA,NA,NA,NA,NA,NA,NA,NA,NA,NA,NA,NA,NA,NA,NA,NA,NA,NA,NA,NA,NA,NA,NA,NA,NA,NA,2,2
323,6,first,second,12,1,136,173,125,156,147.5,1,0,2,0,0,2,1,0,11,21,1.909090909,4,0,3,6,7,5,0,0,0,0,0,0,0,0,0,0,0,0,0,0,0,0,0,0,0,0,0,0,0,0,0,0,0,0,0,0,0,2,2
324,6,first,second,12,2,0,0,0,0,0,0,0,2,0,0,2,1,0,NA,0,NA,4,NA,NA,NA,NA,NA,NA,NA,NA,NA,NA,NA,NA,NA,NA,NA,NA,NA,NA,NA,NA,NA,NA,NA,NA,NA,NA,NA,NA,NA,NA,NA,NA,NA,NA,NA,NA,2,2
325,6,first,second,13,1,0,0,0,NA,0,0,0,2,0,0,2,1,0,26,27,1.038461538,4,0,7,0,5,7,7,0,0,1,0,0,0,0,0,0,0,0,0,0,0,0,0,0,0,0,0,0,0,0,0,0,0,0,0,0,0,2,2
326,6,first,second,13,2,589,671,561,NA,607,1,0,2,0,0,2,1,0,NA,0,NA,4,NA,NA,NA,NA,NA,NA,NA,NA,NA,NA,NA,NA,NA,NA,NA,NA,NA,NA,NA,NA,NA,NA,NA,NA,NA,NA,NA,NA,NA,NA,NA,NA,NA,NA,NA,NA,2,2
327,6,first,second,14,1,76,84,100,NA,86.66666667,1,0,2,0,0,2,1,0,12,21,1.75,4,0,4,6,7,4,0,0,0,0,0,0,0,0,0,0,0,0,0,0,0,0,0,0,0,0,0,0,0,0,0,0,0,0,0,0,0,2,2
328,6,first,second,14,2,0,0,0,NA,0,0,0,2,0,0,2,1,0,NA,0,NA,4,NA,NA,NA,NA,NA,NA,NA,NA,NA,NA,NA,NA,NA,NA,NA,NA,NA,NA,NA,NA,NA,NA,NA,NA,NA,NA,NA,NA,NA,NA,NA,NA,NA,NA,NA,NA,2,2
329,6,first,second,15,1,118,144,138,NA,133.3333333,1,1,2,0,0,2,1,0,12,17,1.416666667,9,0,2,6,7,2,0,0,0,0,0,0,0,0,0,0,0,0,0,0,0,0,0,0,0,0,0,0,0,0,0,0,0,0,0,0,0,2,2
330,6,first,second,15,2,1,0,0,NA,0.333333333,1,1,2,0,0,2,1,0,NA,0,NA,NA,NA,NA,NA,NA,NA,NA,NA,NA,NA,NA,NA,NA,NA,NA,NA,NA,NA,NA,NA,NA,NA,NA,NA,NA,NA,NA,NA,NA,NA,NA,NA,NA,NA,NA,NA,NA,2,2
331,6,first,second,16,1,0,0,0,NA,0,0,0,2,0,0,2,1,0,18,59,3.277777778,4,2,5,0,4,6,6,0,0,9,0,12,0,7,8,0,0,0,0,0,0,0,0,0,0,0,0,0,0,0,0,0,0,0,0,0,0,2,2
332,6,first,second,16,2,6,1,2,NA,3,1,0,2,0,0,2,1,0,NA,0,NA,4,NA,NA,NA,NA,NA,NA,NA,NA,NA,NA,NA,NA,NA,NA,NA,NA,NA,NA,NA,NA,NA,NA,NA,NA,NA,NA,NA,NA,NA,NA,NA,NA,NA,NA,NA,NA,2,2
333,6,first,second,17,1,154,199,130,116,149.75,1,0,2,0,0,2,1,0,11,22,2,4,0,2,6,4,6,0,4,0,0,0,0,0,0,0,0,0,0,0,0,0,0,0,0,0,0,0,0,0,0,0,0,0,0,0,0,0,2,2
334,6,first,second,17,2,0,0,0,0,0,0,0,2,0,0,2,1,0,NA,0,NA,4,NA,NA,NA,NA,NA,NA,NA,NA,NA,NA,NA,NA,NA,NA,NA,NA,NA,NA,NA,NA,NA,NA,NA,NA,NA,NA,NA,NA,NA,NA,NA,NA,NA,NA,NA,NA,2,2
335,6,first,second,18,1,7,1,0,NA,2.666666667,1,1,2,0,0,2,1,0,24,40,1.666666667,22,0,2,4,4,6,0,6,0,0,10,0,0,0,0,0,0,0,8,0,0,0,0,0,0,0,0,0,0,0,0,0,0,0,0,0,0,2,2
336,6,first,second,18,2,128,180,158,NA,155.3333333,1,1,2,0,0,2,1,0,NA,0,NA,NA,NA,NA,NA,NA,NA,NA,NA,NA,NA,NA,NA,NA,NA,NA,NA,NA,NA,NA,NA,NA,NA,NA,NA,NA,NA,NA,NA,NA,NA,NA,NA,NA,NA,NA,NA,NA,2,2
337,6,first,second,19,1,110,152,116,NA,126,1,1,2,0,0,2,1,0,12,19,1.583333333,11,0,2,5,5,5,0,2,0,0,0,0,0,0,0,0,0,0,0,0,0,0,0,0,0,0,0,0,0,0,0,0,0,0,0,0,0,2,2
338,6,first,second,19,2,1,2,0,NA,1,1,1,2,0,0,2,1,0,NA,0,NA,NA,NA,NA,NA,NA,NA,NA,NA,NA,NA,NA,NA,NA,NA,NA,NA,NA,NA,NA,NA,NA,NA,NA,NA,NA,NA,NA,NA,NA,NA,NA,NA,NA,NA,NA,NA,NA,2,2
339,6,first,second,20,1,3,9,3,NA,5,1,1,2,0,0,2,1,0,33,70,2.121212121,23,0,6,0,5,6,7,0,0,0,12,11,0,15,1,0,0,3,0,4,0,0,0,0,0,0,0,0,0,0,0,0,0,0,0,0,0,2,2
340,6,first,second,20,2,401,408,409,NA,406,1,1,2,0,0,2,1,0,NA,0,NA,NA,NA,NA,NA,NA,NA,NA,NA,NA,NA,NA,NA,NA,NA,NA,NA,NA,NA,NA,NA,NA,NA,NA,NA,NA,NA,NA,NA,NA,NA,NA,NA,NA,NA,NA,NA,NA,2,2
341,6,first,second,21,1,0,0,0,0,0,0,0,2,0,0,2,1,0,22,24,1.090909091,4,2,5,0,5,3,7,0,0,0,0,0,0,0,2,0,0,0,0,0,0,0,0,0,0,0,0,0,0,0,0,0,0,0,0,0,0,2,2
342,6,first,second,21,2,336,222,249,215,255.5,1,0,2,0,0,2,1,0,NA,0,NA,4,NA,NA,NA,NA,NA,NA,NA,NA,NA,NA,NA,NA,NA,NA,NA,NA,NA,NA,NA,NA,NA,NA,NA,NA,NA,NA,NA,NA,NA,NA,NA,NA,NA,NA,NA,NA,2,2
343,6,first,second,22,1,0,0,0,NA,0,0,0,2,0,0,2,1,0,14,25,1.785714286,4,2,4,0,4,7,7,0,0,1,0,0,0,0,0,0,0,0,0,0,0,0,0,0,0,0,0,0,0,0,0,0,0,0,0,0,0,2,2
344,6,first,second,22,2,0,0,0,NA,0,0,0,2,0,0,2,1,0,NA,0,NA,4,NA,NA,NA,NA,NA,NA,NA,NA,NA,NA,NA,NA,NA,NA,NA,NA,NA,NA,NA,NA,NA,NA,NA,NA,NA,NA,NA,NA,NA,NA,NA,NA,NA,NA,NA,NA,2,2
345,6,first,second,23,1,0,0,0,NA,0,0,0,2,1,0,2,1,0,40,0,0,4,0,0,0,0,0,0,0,0,0,0,0,0,0,0,0,0,0,0,0,0,0,0,0,0,0,0,0,0,0,0,0,0,0,0,0,0,2,2
346,6,first,second,23,2,0,0,0,NA,0,0,0,2,1,0,2,1,0,NA,0,NA,4,NA,NA,NA,NA,NA,NA,NA,NA,NA,NA,NA,NA,NA,NA,NA,NA,NA,NA,NA,NA,NA,NA,NA,NA,NA,NA,NA,NA,NA,NA,NA,NA,NA,NA,NA,NA,2,2
347,6,first,second,24,1,0,0,0,NA,0,0,0,2,0,0,2,1,0,24,3,0.125,4,0,0,0,0,3,0,0,0,0,0,0,0,0,0,0,0,0,0,0,0,0,0,0,0,0,0,0,0,0,0,0,0,0,0,0,0,2,2
348,6,first,second,24,2,393,389,406,NA,396,1,0,2,0,0,2,1,0,NA,0,NA,4,NA,NA,NA,NA,NA,NA,NA,NA,NA,NA,NA,NA,NA,NA,NA,NA,NA,NA,NA,NA,NA,NA,NA,NA,NA,NA,NA,NA,NA,NA,NA,NA,NA,NA,NA,NA,2,2
349,6,first,second,25,1,150,149,126,NA,141.6666667,1,1,2,0,0,2,1,0,12,14,1.166666667,9,0,1,5,5,3,0,0,0,0,0,0,0,0,0,0,0,0,0,0,0,0,0,0,0,0,0,0,0,0,0,0,0,0,0,0,0,2,2
350,6,first,second,25,2,0,1,2,NA,1,1,1,2,0,0,2,1,0,NA,0,NA,NA,NA,NA,NA,NA,NA,NA,NA,NA,NA,NA,NA,NA,NA,NA,NA,NA,NA,NA,NA,NA,NA,NA,NA,NA,NA,NA,NA,NA,NA,NA,NA,NA,NA,NA,NA,NA,2,2
351,6,first,second,26,1,NA,NA,NA,NA,NA,1,0,2,0,0,2,1,0,14,45,3.214285714,4,0,4,6,0,5,6,5,6,0,13,0,0,0,0,0,0,0,0,0,0,0,0,0,0,0,0,0,0,0,0,0,0,0,0,0,0,2,2
352,6,first,second,26,2,NA,NA,NA,NA,NA,1,0,2,0,0,2,1,0,NA,0,NA,4,NA,NA,NA,NA,NA,NA,NA,NA,NA,NA,NA,NA,NA,NA,NA,NA,NA,NA,NA,NA,NA,NA,NA,NA,NA,NA,NA,NA,NA,NA,NA,NA,NA,NA,NA,NA,2,2
353,6,first,second,27,1,120,124,118,NA,120.6666667,1,1,2,0,0,2,1,0,9,15,1.666666667,9,0,0,4,7,4,0,0,0,0,0,0,0,0,0,0,0,0,0,0,0,0,0,0,0,0,0,0,0,0,0,0,0,0,0,0,0,2,2
354,6,first,second,27,2,1,10,4,NA,5,1,1,2,0,0,2,1,0,NA,0,NA,NA,NA,NA,NA,NA,NA,NA,NA,NA,NA,NA,NA,NA,NA,NA,NA,NA,NA,NA,NA,NA,NA,NA,NA,NA,NA,NA,NA,NA,NA,NA,NA,NA,NA,NA,NA,NA,2,2
355,6,first,second,28,1,4,5,4,NA,4.333333333,1,1,2,0,0,2,1,0,22,27,1.227272727,10,0,1,5,5,6,10,0,0,0,0,0,0,0,0,0,0,0,0,0,0,0,0,0,0,0,0,0,0,0,0,0,0,0,0,0,0,2,2
356,6,first,second,28,2,518,477,513,NA,502.6666667,1,1,2,0,0,2,1,0,NA,0,NA,NA,NA,NA,NA,NA,NA,NA,NA,NA,NA,NA,NA,NA,NA,NA,NA,NA,NA,NA,NA,NA,NA,NA,NA,NA,NA,NA,NA,NA,NA,NA,NA,NA,NA,NA,NA,NA,2,2
357,6,first,second,29,1,82,91,123,122,104.5,1,1,2,0,0,2,1,0,10,18,1.8,9,0,2,6,4,6,0,0,0,0,0,0,0,0,0,0,0,0,0,0,0,0,0,0,0,0,0,0,0,0,0,0,0,0,0,0,0,2,2
358,6,first,second,29,2,0,1,3,2,1.5,1,1,2,0,0,2,1,0,NA,0,NA,NA,NA,NA,NA,NA,NA,NA,NA,NA,NA,NA,NA,NA,NA,NA,NA,NA,NA,NA,NA,NA,NA,NA,NA,NA,NA,NA,NA,NA,NA,NA,NA,NA,NA,NA,NA,NA,2,2
359,6,first,second,30,1,0,0,0,NA,0,0,0,2,0,0,2,1,0,38,125,3.289473684,4,0,5,0,4,5,7,0,0,7,?,15,0,6,0,12,0,1,11,0,2,10,1,9,?,8,7,0,5,1,9,0,0,0,0,0,0,2,2
360,6,first,second,30,2,0,0,0,NA,0,0,0,2,0,0,2,1,0,NA,0,NA,4,NA,NA,NA,NA,NA,NA,NA,NA,NA,NA,NA,NA,NA,NA,NA,NA,NA,NA,NA,NA,NA,NA,NA,NA,NA,NA,NA,NA,NA,NA,NA,NA,NA,NA,NA,NA,2,2
361,7,none,late,1,1,0,0,0,NA,0,0,1,1,0,0,2,1,0,31,31,1,12,0,5,5,6,5,0,6,4,0,0,0,0,0,0,0,0,0,0,0,0,0,0,0,0,0,0,0,0,0,0,0,0,0,0,0,0,2,2
362,7,none,late,1,2,890,919,747,NA,852,1,1,1,0,0,2,1,0,NA,0,NA,NA,NA,NA,NA,NA,NA,NA,NA,NA,NA,NA,NA,NA,NA,NA,NA,NA,NA,NA,NA,NA,NA,NA,NA,NA,NA,NA,NA,NA,NA,NA,NA,NA,NA,NA,NA,NA,2,2
363,7,none,late,2,1,0,0,0,NA,0,0,0,1,0,0,2,1,0,23,70,3.043478261,4,0,3,4,6,8,0,6,0,0,8,0,0,5,7,8,0,5,10,0,0,0,0,0,0,0,0,0,0,0,0,0,0,0,0,0,0,2,2
364,7,none,late,2,2,0,0,0,NA,0,0,0,1,0,0,2,1,0,NA,0,NA,4,NA,NA,NA,NA,NA,NA,NA,NA,NA,NA,NA,NA,NA,NA,NA,NA,NA,NA,NA,NA,NA,NA,NA,NA,NA,NA,NA,NA,NA,NA,NA,NA,NA,NA,NA,NA,2,2
365,7,none,late,3,1,0,0,0,NA,0,0,0,1,0,0,2,1,0,17,51,3,4,0,0,5,6,6,4,0,0,10,8,0,0,12,0,0,0,0,0,0,0,0,0,0,0,0,0,0,0,0,0,0,0,0,0,0,0,2,2
366,7,none,late,3,2,0,0,0,NA,0,0,0,1,0,0,2,1,0,NA,0,NA,4,NA,NA,NA,NA,NA,NA,NA,NA,NA,NA,NA,NA,NA,NA,NA,NA,NA,NA,NA,NA,NA,NA,NA,NA,NA,NA,NA,NA,NA,NA,NA,NA,NA,NA,NA,NA,2,2
367,7,none,late,4,1,0,0,0,NA,0,0,0,1,0,0,2,1,0,19,59,3.105263158,4,0,1,4,7,3,3,0,0,0,10,13,0,9,9,0,0,0,0,0,0,0,0,0,0,0,0,0,0,0,0,0,0,0,0,0,0,2,2
368,7,none,late,4,2,0,0,0,NA,0,0,0,1,0,0,2,1,0,NA,0,NA,4,NA,NA,NA,NA,NA,NA,NA,NA,NA,NA,NA,NA,NA,NA,NA,NA,NA,NA,NA,NA,NA,NA,NA,NA,NA,NA,NA,NA,NA,NA,NA,NA,NA,NA,NA,NA,2,2
369,7,none,late,5,1,0,0,0,NA,0,0,0,1,0,0,2,1,0,24,82,3.416666667,4,1,6,0,5,7,6,0,6,5,7,14,0,7,4,7,0,2,5,0,0,0,0,0,0,0,0,0,0,0,0,0,0,0,0,0,0,2,2
370,7,none,late,5,2,0,0,0,NA,0,0,0,1,0,0,2,1,0,NA,0,NA,4,NA,NA,NA,NA,NA,NA,NA,NA,NA,NA,NA,NA,NA,NA,NA,NA,NA,NA,NA,NA,NA,NA,NA,NA,NA,NA,NA,NA,NA,NA,NA,NA,NA,NA,NA,NA,2,2
371,7,none,late,6,1,0,0,0,0,0,0,1,1,0,0,2,1,0,25,86,3.44,22,2,6,0,5,9,8,0,0,0,13,14,0,2,10,4,0,2,11,0,0,0,0,0,0,0,0,0,0,0,0,0,0,0,0,0,0,2,2
372,7,none,late,6,2,0,36,0,1,9.25,1,1,1,0,0,2,1,0,NA,0,NA,NA,NA,NA,NA,NA,NA,NA,NA,NA,NA,NA,NA,NA,NA,NA,NA,NA,NA,NA,NA,NA,NA,NA,NA,NA,NA,NA,NA,NA,NA,NA,NA,NA,NA,NA,NA,NA,2,2
373,7,none,late,7,1,0,0,0,NA,0,0,1,1,0,0,2,1,0,20,86,4.3,18,1,2,1,6,8,4,0,8,11,12,8,0,9,16,0,0,0,0,0,0,0,0,0,0,0,0,0,0,0,0,0,0,0,0,0,0,2,2
374,7,none,late,7,2,4,0,2,NA,2,1,1,1,0,0,2,1,0,NA,0,NA,NA,NA,NA,NA,NA,NA,NA,NA,NA,NA,NA,NA,NA,NA,NA,NA,NA,NA,NA,NA,NA,NA,NA,NA,NA,NA,NA,NA,NA,NA,NA,NA,NA,NA,NA,NA,NA,2,2
375,7,none,late,8,1,0,0,0,NA,0,0,0,1,0,0,2,1,0,26,96,3.692307692,4,0,1,4,6,5,1,0,7,6,8,15,0,5,5,10,0,5,13,0,5,0,0,0,0,0,0,0,0,0,0,0,0,0,0,0,0,2,2
376,7,none,late,8,2,0,0,0,NA,0,0,0,1,0,0,2,1,0,NA,0,NA,4,NA,NA,NA,NA,NA,NA,NA,NA,NA,NA,NA,NA,NA,NA,NA,NA,NA,NA,NA,NA,NA,NA,NA,NA,NA,NA,NA,NA,NA,NA,NA,NA,NA,NA,NA,NA,2,2
377,7,none,late,9,1,0,0,0,NA,0,0,0,1,0,0,2,1,0,18,63,3.5,4,0,1,4,4,6,0,6,7,7,7,12,0,5,4,0,0,0,0,0,0,0,0,0,0,0,0,0,0,0,0,0,0,0,0,0,0,2,2
378,7,none,late,9,2,0,0,0,NA,0,0,0,1,0,0,2,1,0,NA,0,NA,4,NA,NA,NA,NA,NA,NA,NA,NA,NA,NA,NA,NA,NA,NA,NA,NA,NA,NA,NA,NA,NA,NA,NA,NA,NA,NA,NA,NA,NA,NA,NA,NA,NA,NA,NA,NA,2,2
379,7,none,late,10,1,0,0,0,NA,0,0,0,1,0,0,2,1,0,24,80,3.333333333,4,0,2,3,4,4,0,3,0,0,0,15,16,2,12,0,2,11,6,0,0,0,0,0,0,0,0,0,0,0,0,0,0,0,0,0,0,2,2
380,7,none,late,10,2,0,0,0,NA,0,0,0,1,0,0,2,1,0,NA,0,NA,4,NA,NA,NA,NA,NA,NA,NA,NA,NA,NA,NA,NA,NA,NA,NA,NA,NA,NA,NA,NA,NA,NA,NA,NA,NA,NA,NA,NA,NA,NA,NA,NA,NA,NA,NA,NA,2,2
381,7,none,late,11,1,0,0,0,NA,0,0,1,1,0,0,2,1,0,39,124,3.179487179,33,0,2,6,6,6,5,3,9,5,0,12,0,0,13,4,0,10,14,0,0,4,0,0,11,2,6,0,0,6,0,0,0,0,0,0,0,2,2
382,7,none,late,11,2,6,0,0,NA,2,1,1,1,0,0,2,1,0,NA,0,NA,NA,NA,NA,NA,NA,NA,NA,NA,NA,NA,NA,NA,NA,NA,NA,NA,NA,NA,NA,NA,NA,NA,NA,NA,NA,NA,NA,NA,NA,NA,NA,NA,NA,NA,NA,NA,NA,2,2
383,7,none,late,12,1,0,0,0,NA,0,0,0,1,0,0,2,1,0,19,68,3.578947368,4,0,0,4,0,13,0,0,5,10,1,8,11,7,9,0,0,0,0,0,0,0,0,0,0,0,0,0,0,0,0,0,0,0,0,0,0,2,2
384,7,none,late,12,2,0,0,0,NA,0,0,0,1,0,0,2,1,0,NA,0,NA,4,NA,NA,NA,NA,NA,NA,NA,NA,NA,NA,NA,NA,NA,NA,NA,NA,NA,NA,NA,NA,NA,NA,NA,NA,NA,NA,NA,NA,NA,NA,NA,NA,NA,NA,NA,NA,2,2
385,7,none,late,13,1,0,0,0,NA,0,0,1,1,0,0,2,1,0,19,27,1.421052632,14,0,0,6,0,7,7,0,0,0,1,0,0,0,0,6,0,0,0,0,0,0,0,0,0,0,0,0,0,0,0,0,0,0,0,0,0,2,2
386,7,none,late,13,2,351,356,321,NA,342.6666667,1,1,1,0,0,2,1,0,NA,0,NA,NA,NA,NA,NA,NA,NA,NA,NA,NA,NA,NA,NA,NA,NA,NA,NA,NA,NA,NA,NA,NA,NA,NA,NA,NA,NA,NA,NA,NA,NA,NA,NA,NA,NA,NA,NA,NA,2,2
387,7,none,late,14,1,0,0,0,NA,0,0,0,1,0,0,2,1,0,39,122,3.128205128,4,0,1,0,4,5,4,0,0,9,13,7,0,7,8,10,0,0,10,0,8,0,0,11,0,2,7,0,4,7,0,5,0,0,0,0,0,2,2
388,7,none,late,14,2,0,0,0,NA,0,0,0,1,0,0,2,1,0,NA,0,NA,4,NA,NA,NA,NA,NA,NA,NA,NA,NA,NA,NA,NA,NA,NA,NA,NA,NA,NA,NA,NA,NA,NA,NA,NA,NA,NA,NA,NA,NA,NA,NA,NA,NA,NA,NA,NA,2,2
389,7,none,late,15,1,0,0,0,NA,0,0,0,1,0,0,2,1,0,12,25,2.083333333,4,0,4,6,0,8,7,0,0,0,0,0,0,0,0,0,0,0,0,0,0,0,0,0,0,0,0,0,0,0,0,0,0,0,0,0,0,2,2
390,7,none,late,15,2,0,0,0,NA,0,0,0,1,0,0,2,1,0,NA,0,NA,4,NA,NA,NA,NA,NA,NA,NA,NA,NA,NA,NA,NA,NA,NA,NA,NA,NA,NA,NA,NA,NA,NA,NA,NA,NA,NA,NA,NA,NA,NA,NA,NA,NA,NA,NA,NA,2,2
391,7,none,late,16,1,0,0,0,NA,0,0,0,1,0,0,2,1,0,30,91,3.033333333,4,0,1,6,6,5,5,0,0,0,14,11,0,4,10,9,0,8,10,0,0,0,0,0,2,0,0,0,0,0,0,0,0,0,0,0,0,2,2
392,7,none,late,16,2,0,0,0,NA,0,0,0,1,0,0,2,1,0,NA,0,NA,4,NA,NA,NA,NA,NA,NA,NA,NA,NA,NA,NA,NA,NA,NA,NA,NA,NA,NA,NA,NA,NA,NA,NA,NA,NA,NA,NA,NA,NA,NA,NA,NA,NA,NA,NA,NA,2,2
393,7,none,late,17,1,0,0,0,0,0,0,1,1,0,0,2,1,0,36,91,2.527777778,35,0,4,4,6,6,0,8,0,4,0,9,13,0,3,3,0,5,7,0,0,1,2,0,2,4,1,0,2,5,0,2,0,0,0,0,0,2,2
394,7,none,late,17,2,90,5,0,0,23.75,1,1,1,0,0,2,1,0,NA,0,NA,NA,NA,NA,NA,NA,NA,NA,NA,NA,NA,NA,NA,NA,NA,NA,NA,NA,NA,NA,NA,NA,NA,NA,NA,NA,NA,NA,NA,NA,NA,NA,NA,NA,NA,NA,NA,NA,2,2
395,7,none,late,18,1,0,0,0,NA,0,0,0,1,0,0,2,1,0,18,76,4.222222222,4,0,3,5,5,8,0,5,0,11,0,14,14,0,11,0,0,0,0,0,0,0,0,0,0,0,0,0,0,0,0,0,0,0,0,0,0,2,2
396,7,none,late,18,2,0,0,0,NA,0,0,0,1,0,0,2,1,0,NA,0,NA,4,NA,NA,NA,NA,NA,NA,NA,NA,NA,NA,NA,NA,NA,NA,NA,NA,NA,NA,NA,NA,NA,NA,NA,NA,NA,NA,NA,NA,NA,NA,NA,NA,NA,NA,NA,NA,2,2
397,7,none,late,19,1,0,0,0,0,0,0,1,1,0,0,2,1,0,38,66,1.736842105,22,0,2,7,6,5,5,0,0,8,0,13,0,7,0,0,0,1,12,0,0,0,0,0,0,0,0,0,0,0,0,0,0,0,0,0,0,2,2
398,7,none,late,19,2,589,731,801,717,709.5,1,1,1,0,0,2,1,0,NA,0,NA,NA,NA,NA,NA,NA,NA,NA,NA,NA,NA,NA,NA,NA,NA,NA,NA,NA,NA,NA,NA,NA,NA,NA,NA,NA,NA,NA,NA,NA,NA,NA,NA,NA,NA,NA,NA,NA,2,2
399,7,none,late,20,1,0,0,0,NA,0,0,0,1,0,0,2,1,0,21,81,3.857142857,4,0,2,8,0,7,6,0,0,0,12,14,10,1,9,8,?,4,0,0,0,0,0,0,0,0,0,0,0,0,0,0,0,0,0,0,0,2,2
400,7,none,late,20,2,0,0,0,NA,0,0,0,1,0,0,2,1,0,NA,0,NA,4,NA,NA,NA,NA,NA,NA,NA,NA,NA,NA,NA,NA,NA,NA,NA,NA,NA,NA,NA,NA,NA,NA,NA,NA,NA,NA,NA,NA,NA,NA,NA,NA,NA,NA,NA,NA,2,2
401,7,none,late,21,1,0,0,0,NA,0,0,1,1,0,0,2,1,0,22,31,1.409090909,18,0,4,6,7,6,0,4,3,0,0,0,0,0,1,0,0,0,0,0,0,0,0,0,0,0,0,0,0,0,0,0,0,0,0,0,0,2,2
402,7,none,late,21,2,376,313,366,NA,351.6666667,1,1,1,0,0,2,1,0,NA,0,NA,NA,NA,NA,NA,NA,NA,NA,NA,NA,NA,NA,NA,NA,NA,NA,NA,NA,NA,NA,NA,NA,NA,NA,NA,NA,NA,NA,NA,NA,NA,NA,NA,NA,NA,NA,NA,NA,2,2
403,7,none,late,22,1,0,0,0,NA,0,0,1,1,0,0,2,1,0,23,58,2.52173913,20,0,2,4,0,8,7,0,0,11,1,3,8,0,2,9,3,0,0,0,0,0,0,0,0,0,0,0,0,0,0,0,0,0,0,0,0,2,2
404,7,none,late,22,2,656,584,581,NA,607,1,1,1,0,0,2,1,0,NA,0,NA,NA,NA,NA,NA,NA,NA,NA,NA,NA,NA,NA,NA,NA,NA,NA,NA,NA,NA,NA,NA,NA,NA,NA,NA,NA,NA,NA,NA,NA,NA,NA,NA,NA,NA,NA,NA,NA,2,2
405,7,none,late,23,1,0,0,0,NA,0,0,1,1,0,0,2,1,0,25,35,1.4,19,0,3,8,8,6,5,0,0,0,0,1,0,0,0,4,0,0,0,0,0,0,0,0,0,0,0,0,0,0,0,0,0,0,0,0,0,2,2
406,7,none,late,23,2,668,893,599,NA,720,1,1,1,0,0,2,1,0,NA,0,NA,NA,NA,NA,NA,NA,NA,NA,NA,NA,NA,NA,NA,NA,NA,NA,NA,NA,NA,NA,NA,NA,NA,NA,NA,NA,NA,NA,NA,NA,NA,NA,NA,NA,NA,NA,NA,NA,2,2
407,7,none,late,24,1,0,0,0,NA,0,0,0,1,0,0,2,1,0,12,27,2.25,4,0,3,6,6,7,0,5,0,0,0,0,0,0,0,0,0,0,0,0,0,0,0,0,0,0,0,0,0,0,0,0,0,0,0,0,0,2,2
408,7,none,late,24,2,0,0,0,NA,0,0,0,1,0,0,2,1,0,NA,0,NA,4,NA,NA,NA,NA,NA,NA,NA,NA,NA,NA,NA,NA,NA,NA,NA,NA,NA,NA,NA,NA,NA,NA,NA,NA,NA,NA,NA,NA,NA,NA,NA,NA,NA,NA,NA,NA,2,2
409,7,none,late,25,1,0,0,0,0,0,0,1,1,0,0,2,1,0,20,69,3.45,19,0,4,6,7,5,0,0,0,12,12,0,0,10,9,4,0,0,0,0,0,0,0,0,0,0,0,0,0,0,0,0,0,0,0,0,0,2,2
410,7,none,late,25,2,3,47,4,0,13.5,1,1,1,0,0,2,1,0,NA,0,NA,NA,NA,NA,NA,NA,NA,NA,NA,NA,NA,NA,NA,NA,NA,NA,NA,NA,NA,NA,NA,NA,NA,NA,NA,NA,NA,NA,NA,NA,NA,NA,NA,NA,NA,NA,NA,NA,2,2
411,7,none,late,26,1,0,0,0,NA,0,0,1,1,0,0,2,1,0,26,24,0.923076923,14,0,2,6,6,?,0,1,0,8,1,0,0,0,0,0,0,0,0,0,0,0,0,0,0,0,0,0,0,0,0,0,0,0,0,0,0,2,2
412,7,none,late,26,2,142,143,144,NA,143,1,1,1,0,0,2,1,0,NA,0,NA,NA,NA,NA,NA,NA,NA,NA,NA,NA,NA,NA,NA,NA,NA,NA,NA,NA,NA,NA,NA,NA,NA,NA,NA,NA,NA,NA,NA,NA,NA,NA,NA,NA,NA,NA,NA,NA,2,2
413,7,none,late,27,1,0,0,0,NA,0,0,0,1,0,0,2,1,0,18,60,3.333333333,4,0,1,6,6,6,5,0,0,9,0,13,0,4,10,0,0,0,0,0,0,0,0,0,0,0,0,0,0,0,0,0,0,0,0,0,0,2,2
414,7,none,late,27,2,0,0,0,NA,0,0,0,1,0,0,2,1,0,NA,0,NA,4,NA,NA,NA,NA,NA,NA,NA,NA,NA,NA,NA,NA,NA,NA,NA,NA,NA,NA,NA,NA,NA,NA,NA,NA,NA,NA,NA,NA,NA,NA,NA,NA,NA,NA,NA,NA,2,2
415,7,none,late,28,1,0,0,0,NA,0,0,1,1,0,0,2,1,0,22,54,2.454545455,19,0,2,6,7,4,0,0,0,0,19,15,0,0,0,1,0,0,0,0,0,0,0,0,0,0,0,0,0,0,0,0,0,0,0,0,0,2,2
416,7,none,late,28,2,224,256,272,NA,250.6666667,1,1,1,0,0,2,1,0,NA,0,NA,NA,NA,NA,NA,NA,NA,NA,NA,NA,NA,NA,NA,NA,NA,NA,NA,NA,NA,NA,NA,NA,NA,NA,NA,NA,NA,NA,NA,NA,NA,NA,NA,NA,NA,NA,NA,NA,2,2
417,7,none,late,29,1,0,0,0,NA,0,0,1,1,0,0,2,1,0,25,25,1,10,0,4,6,7,5,3,0,0,0,0,0,0,0,0,0,0,0,0,0,0,0,0,0,0,0,0,0,0,0,0,0,0,0,0,0,0,2,2
418,7,none,late,29,2,654,589,590,NA,611,1,1,1,0,0,2,1,0,NA,0,NA,NA,NA,NA,NA,NA,NA,NA,NA,NA,NA,NA,NA,NA,NA,NA,NA,NA,NA,NA,NA,NA,NA,NA,NA,NA,NA,NA,NA,NA,NA,NA,NA,NA,NA,NA,NA,NA,2,2
419,7,none,late,30,1,0,0,0,NA,0,0,1,1,0,0,2,1,0,30,60,2,24,0,4,7,8,7,0,0,0,4,15,14,0,0,0,0,0,0,0,0,1,0,0,0,0,0,0,0,0,0,0,0,0,0,0,0,0,2,2
420,7,none,late,30,2,450,457,460,NA,455.6666667,1,1,1,0,0,2,1,0,NA,0,NA,NA,NA,NA,NA,NA,NA,NA,NA,NA,NA,NA,NA,NA,NA,NA,NA,NA,NA,NA,NA,NA,NA,NA,NA,NA,NA,NA,NA,NA,NA,NA,NA,NA,NA,NA,NA,NA,2,2
421,8,late,none,1,1,99,91,96,NA,95.33333333,1,1,1,0,0,1,1,0,15,23,1.533333333,12,0,1,5,6,4,5,0,2,0,0,0,0,0,0,0,0,0,0,0,0,0,0,0,0,0,0,0,0,0,0,0,0,0,0,0,0,2,2
422,8,late,none,1,2,0,0,0,NA,0,0,1,1,0,0,1,1,0,NA,0,NA,NA,NA,NA,NA,NA,NA,NA,NA,NA,NA,NA,NA,NA,NA,NA,NA,NA,NA,NA,NA,NA,NA,NA,NA,NA,NA,NA,NA,NA,NA,NA,NA,NA,NA,NA,NA,NA,2,2
423,8,late,none,2,1,128,130,146,NA,134.6666667,1,1,1,0,0,1,1,0,13,20,1.538461538,12,0,2,6,2,5,0,3,2,0,0,0,0,0,0,0,0,0,0,0,0,0,0,0,0,0,0,0,0,0,0,0,0,0,0,0,0,2,2
424,8,late,none,2,2,0,0,0,NA,0,0,1,1,0,0,1,1,0,NA,0,NA,NA,NA,NA,NA,NA,NA,NA,NA,NA,NA,NA,NA,NA,NA,NA,NA,NA,NA,NA,NA,NA,NA,NA,NA,NA,NA,NA,NA,NA,NA,NA,NA,NA,NA,NA,NA,NA,2,2
425,8,late,none,3,1,143,146,157,NA,148.6666667,1,1,1,0,0,1,1,0,14,25,1.785714286,12,0,2,5,7,2,6,0,3,0,0,0,0,0,0,0,0,0,0,0,0,0,0,0,0,0,0,0,0,0,0,0,0,0,0,0,0,2,2
426,8,late,none,3,2,0,0,0,NA,0,0,1,1,0,0,1,1,0,NA,0,NA,NA,NA,NA,NA,NA,NA,NA,NA,NA,NA,NA,NA,NA,NA,NA,NA,NA,NA,NA,NA,NA,NA,NA,NA,NA,NA,NA,NA,NA,NA,NA,NA,NA,NA,NA,NA,NA,2,2
427,8,late,none,4,1,91,122,94,102,102.25,1,1,1,0,0,1,1,0,14,28,2,12,0,2,5,6,6,0,7,2,0,0,0,0,0,0,0,0,0,0,0,0,0,0,0,0,0,0,0,0,0,0,0,0,0,0,0,0,2,2
428,8,late,none,4,2,0,0,0,0,0,0,1,1,0,0,1,1,0,NA,0,NA,NA,NA,NA,NA,NA,NA,NA,NA,NA,NA,NA,NA,NA,NA,NA,NA,NA,NA,NA,NA,NA,NA,NA,NA,NA,NA,NA,NA,NA,NA,NA,NA,NA,NA,NA,NA,NA,2,2
429,8,late,none,5,1,14,14,12,NA,13.33333333,1,1,1,0,0,1,1,0,14,19,1.357142857,10,0,5,0,6,3,5,0,0,0,0,0,0,0,0,0,0,0,0,0,0,0,0,0,0,0,0,0,0,0,0,0,0,0,0,0,0,2,2
430,8,late,none,5,2,0,0,0,NA,0,0,1,1,0,0,1,1,0,NA,0,NA,NA,NA,NA,NA,NA,NA,NA,NA,NA,NA,NA,NA,NA,NA,NA,NA,NA,NA,NA,NA,NA,NA,NA,NA,NA,NA,NA,NA,NA,NA,NA,NA,NA,NA,NA,NA,NA,2,2
431,8,late,none,6,1,87,118,145,169,129.75,1,1,1,0,0,1,1,0,12,30,2.5,12,0,2,6,6,7,0,5,4,0,0,0,0,0,0,0,0,0,0,0,0,0,0,0,0,0,0,0,0,0,0,0,0,0,0,0,0,2,2
432,8,late,none,6,2,0,0,0,0,0,0,1,1,0,0,1,1,0,NA,0,NA,NA,NA,NA,NA,NA,NA,NA,NA,NA,NA,NA,NA,NA,NA,NA,NA,NA,NA,NA,NA,NA,NA,NA,NA,NA,NA,NA,NA,NA,NA,NA,NA,NA,NA,NA,NA,NA,2,2
433,8,late,none,7,1,70,83,68,NA,73.66666667,1,1,1,0,0,1,1,0,14,36,2.571428571,14,0,2,5,6,6,0,8,6,0,3,0,0,0,0,0,0,0,0,0,0,0,0,0,0,0,0,0,0,0,0,0,0,0,0,0,0,2,2
434,8,late,none,7,2,0,0,0,NA,0,0,1,1,0,0,1,1,0,NA,0,NA,NA,NA,NA,NA,NA,NA,NA,NA,NA,NA,NA,NA,NA,NA,NA,NA,NA,NA,NA,NA,NA,NA,NA,NA,NA,NA,NA,NA,NA,NA,NA,NA,NA,NA,NA,NA,NA,2,2
435,8,late,none,8,1,209,197,211,NA,205.6666667,1,1,1,0,0,1,1,0,14,25,1.785714286,13,0,1,5,5,4,6,0,3,1,0,0,0,0,0,0,0,0,0,0,0,0,0,0,0,0,0,0,0,0,0,0,0,0,0,0,0,2,2
436,8,late,none,8,2,0,0,0,NA,0,0,1,1,0,0,1,1,0,NA,0,NA,NA,NA,NA,NA,NA,NA,NA,NA,NA,NA,NA,NA,NA,NA,NA,NA,NA,NA,NA,NA,NA,NA,NA,NA,NA,NA,NA,NA,NA,NA,NA,NA,NA,NA,NA,NA,NA,2,2
437,8,late,none,9,1,0,0,0,NA,0,0,0,1,0,0,1,1,0,13,28,2.153846154,4,0,1,5,6,4,6,0,6,0,0,0,0,0,0,0,0,0,0,0,0,0,0,0,0,0,0,0,0,0,0,0,0,0,0,0,0,2,2
438,8,late,none,9,2,0,0,0,NA,0,0,0,1,0,0,1,1,0,NA,0,NA,4,NA,NA,NA,NA,NA,NA,NA,NA,NA,NA,NA,NA,NA,NA,NA,NA,NA,NA,NA,NA,NA,NA,NA,NA,NA,NA,NA,NA,NA,NA,NA,NA,NA,NA,NA,NA,2,2
439,8,late,none,10,1,118,128,144,NA,130,1,1,1,0,0,1,1,0,13,23,1.769230769,12,0,2,5,6,3,5,0,2,0,0,0,0,0,0,0,0,0,0,0,0,0,0,0,0,0,0,0,0,0,0,0,0,0,0,0,0,2,2
440,8,late,none,10,2,0,0,0,NA,0,0,1,1,0,0,1,1,0,NA,0,NA,NA,NA,NA,NA,NA,NA,NA,NA,NA,NA,NA,NA,NA,NA,NA,NA,NA,NA,NA,NA,NA,NA,NA,NA,NA,NA,NA,NA,NA,NA,NA,NA,NA,NA,NA,NA,NA,2,2
441,8,late,none,11,1,0,2,0,NA,0.666666667,1,1,1,0,0,1,1,0,16,58,3.625,15,0,2,0,7,4,6,8,9,0,10,12,0,0,0,0,0,0,0,0,0,0,0,0,0,0,0,0,0,0,0,0,0,0,0,0,0,2,2
442,8,late,none,11,2,0,0,0,NA,0,0,1,1,0,0,1,1,0,NA,0,NA,NA,NA,NA,NA,NA,NA,NA,NA,NA,NA,NA,NA,NA,NA,NA,NA,NA,NA,NA,NA,NA,NA,NA,NA,NA,NA,NA,NA,NA,NA,NA,NA,NA,NA,NA,NA,NA,2,2
443,8,late,none,12,1,223,198,213,NA,211.3333333,1,1,1,0,0,1,1,0,14,21,1.5,11,0,5,0,5,4,4,3,0,0,0,0,0,0,0,0,0,0,0,0,0,0,0,0,0,0,0,0,0,0,0,0,0,0,0,0,0,2,2
444,8,late,none,12,2,0,0,0,NA,0,0,1,1,0,0,1,1,0,NA,0,NA,NA,NA,NA,NA,NA,NA,NA,NA,NA,NA,NA,NA,NA,NA,NA,NA,NA,NA,NA,NA,NA,NA,NA,NA,NA,NA,NA,NA,NA,NA,NA,NA,NA,NA,NA,NA,NA,2,2
445,8,late,none,13,1,179,177,158,NA,171.3333333,1,1,1,0,1,1,1,0,13,22,1.692307692,12,0,2,4,5,4,5,0,2,0,0,0,0,0,0,0,0,0,0,0,0,0,0,0,0,0,0,0,0,0,0,0,0,0,0,0,0,2,2
446,8,late,none,13,2,4,4,3,NA,3.666666667,1,1,1,0,1,1,1,0,NA,0,NA,NA,NA,NA,NA,NA,NA,NA,NA,NA,NA,NA,NA,NA,NA,NA,NA,NA,NA,NA,NA,NA,NA,NA,NA,NA,NA,NA,NA,NA,NA,NA,NA,NA,NA,NA,NA,NA,2,2
447,8,late,none,14,1,231,224,244,NA,233,1,1,1,0,0,1,1,0,14,25,1.785714286,12,0,2,5,5,5,0,6,2,0,0,0,0,0,0,0,0,0,0,0,0,0,0,0,0,0,0,0,0,0,0,0,0,0,0,0,0,2,2
448,8,late,none,14,2,0,0,0,NA,0,0,1,1,0,0,1,1,0,NA,0,NA,NA,NA,NA,NA,NA,NA,NA,NA,NA,NA,NA,NA,NA,NA,NA,NA,NA,NA,NA,NA,NA,NA,NA,NA,NA,NA,NA,NA,NA,NA,NA,NA,NA,NA,NA,NA,NA,2,2
449,8,late,none,15,1,55,71,53,NA,59.66666667,1,1,1,0,0,1,1,0,13,25,1.923076923,12,0,1,6,6,3,6,0,3,0,0,0,0,0,0,0,0,0,0,0,0,0,0,0,0,0,0,0,0,0,0,0,0,0,0,0,0,2,2
450,8,late,none,15,2,0,0,0,NA,0,0,1,1,0,0,1,1,0,NA,0,NA,NA,NA,NA,NA,NA,NA,NA,NA,NA,NA,NA,NA,NA,NA,NA,NA,NA,NA,NA,NA,NA,NA,NA,NA,NA,NA,NA,NA,NA,NA,NA,NA,NA,NA,NA,NA,NA,2,2
451,8,late,none,16,1,181,207,161,NA,183,1,1,1,0,0,1,1,0,14,23,1.642857143,13,0,1,4,6,3,5,0,3,1,0,0,0,0,0,0,0,0,0,0,0,0,0,0,0,0,0,0,0,0,0,0,0,0,0,0,0,2,2
452,8,late,none,16,2,0,0,0,NA,0,0,1,1,0,0,1,1,0,NA,0,NA,NA,NA,NA,NA,NA,NA,NA,NA,NA,NA,NA,NA,NA,NA,NA,NA,NA,NA,NA,NA,NA,NA,NA,NA,NA,NA,NA,NA,NA,NA,NA,NA,NA,NA,NA,NA,NA,2,2
453,8,late,none,17,1,27,17,22,NA,22,1,1,1,0,0,1,1,0,15,29,1.933333333,14,0,2,5,6,4,5,0,5,0,2,0,0,0,0,0,0,0,0,0,0,0,0,0,0,0,0,0,0,0,0,0,0,0,0,0,0,2,2
454,8,late,none,17,2,0,0,0,NA,0,0,1,1,0,0,1,1,0,NA,0,NA,NA,NA,NA,NA,NA,NA,NA,NA,NA,NA,NA,NA,NA,NA,NA,NA,NA,NA,NA,NA,NA,NA,NA,NA,NA,NA,NA,NA,NA,NA,NA,NA,NA,NA,NA,NA,NA,2,2
455,8,late,none,18,1,75,109,147,NA,110.3333333,1,1,1,0,0,1,1,0,12,26,2.166666667,12,0,0,3,5,5,7,0,6,0,0,0,0,0,0,0,0,0,0,0,0,0,0,0,0,0,0,0,0,0,0,0,0,0,0,0,0,2,2
456,8,late,none,18,2,0,0,0,NA,0,0,1,1,0,0,1,1,0,NA,0,NA,NA,NA,NA,NA,NA,NA,NA,NA,NA,NA,NA,NA,NA,NA,NA,NA,NA,NA,NA,NA,NA,NA,NA,NA,NA,NA,NA,NA,NA,NA,NA,NA,NA,NA,NA,NA,NA,2,2
457,8,late,none,19,1,185,182,184,NA,183.6666667,1,1,1,0,0,1,1,0,13,25,1.923076923,13,0,2,5,5,5,0,5,3,?,0,0,0,0,0,0,0,0,0,0,0,0,0,0,0,0,0,0,0,0,0,0,0,0,0,0,0,2,2
458,8,late,none,19,2,0,0,0,NA,0,0,1,1,0,0,1,1,0,NA,0,NA,NA,NA,NA,NA,NA,NA,NA,NA,NA,NA,NA,NA,NA,NA,NA,NA,NA,NA,NA,NA,NA,NA,NA,NA,NA,NA,NA,NA,NA,NA,NA,NA,NA,NA,NA,NA,NA,2,2
459,8,late,none,20,1,40,48,49,NA,45.66666667,1,1,1,0,0,1,1,0,13,26,2,12,0,2,4,6,4,6,0,4,0,0,0,0,0,0,0,0,0,0,0,0,0,0,0,0,0,0,0,0,0,0,0,0,0,0,0,0,2,2
460,8,late,none,20,2,0,0,0,NA,0,0,1,1,0,0,1,1,0,NA,0,NA,NA,NA,NA,NA,NA,NA,NA,NA,NA,NA,NA,NA,NA,NA,NA,NA,NA,NA,NA,NA,NA,NA,NA,NA,NA,NA,NA,NA,NA,NA,NA,NA,NA,NA,NA,NA,NA,2,2
461,8,late,none,21,1,97,103,107,NA,102.3333333,1,1,1,0,0,1,1,0,15,36,2.4,13,0,2,8,6,7,7,0,5,1,0,0,0,0,0,0,0,0,0,0,0,0,0,0,0,0,0,0,0,0,0,0,0,0,0,0,0,2,2
462,8,late,none,21,2,0,0,0,NA,0,0,1,1,0,0,1,1,0,NA,0,NA,NA,NA,NA,NA,NA,NA,NA,NA,NA,NA,NA,NA,NA,NA,NA,NA,NA,NA,NA,NA,NA,NA,NA,NA,NA,NA,NA,NA,NA,NA,NA,NA,NA,NA,NA,NA,NA,2,2
463,8,late,none,22,1,190,223,225,NA,212.6666667,1,1,1,0,0,1,1,0,14,34,2.428571429,12,1,6,0,8,6,7,0,6,0,0,0,0,0,0,0,0,0,0,0,0,0,0,0,0,0,0,0,0,0,0,0,0,0,0,0,0,2,2
464,8,late,none,22,2,0,0,0,NA,0,0,1,1,0,0,1,1,0,NA,0,NA,NA,NA,NA,NA,NA,NA,NA,NA,NA,NA,NA,NA,NA,NA,NA,NA,NA,NA,NA,NA,NA,NA,NA,NA,NA,NA,NA,NA,NA,NA,NA,NA,NA,NA,NA,NA,NA,2,2
465,8,late,none,23,1,209,236,249,NA,231.3333333,1,1,1,0,0,1,1,0,14,33,2.357142857,12,0,4,6,7,5,6,0,5,0,0,0,0,0,0,0,0,0,0,0,0,0,0,0,0,0,0,0,0,0,0,0,0,0,0,0,0,2,2
466,8,late,none,23,2,0,0,0,NA,0,0,1,1,0,0,1,1,0,NA,0,NA,NA,NA,NA,NA,NA,NA,NA,NA,NA,NA,NA,NA,NA,NA,NA,NA,NA,NA,NA,NA,NA,NA,NA,NA,NA,NA,NA,NA,NA,NA,NA,NA,NA,NA,NA,NA,NA,2,2
467,8,late,none,24,1,144,146,127,NA,139,1,1,1,0,0,1,1,0,14,33,2.357142857,12,0,4,6,8,6,7,0,2,0,0,0,0,0,0,0,0,0,0,0,0,0,0,0,0,0,0,0,0,0,0,0,0,0,0,0,0,2,2
468,8,late,none,24,2,0,0,0,NA,0,0,1,1,0,0,1,1,0,NA,0,NA,NA,NA,NA,NA,NA,NA,NA,NA,NA,NA,NA,NA,NA,NA,NA,NA,NA,NA,NA,NA,NA,NA,NA,NA,NA,NA,NA,NA,NA,NA,NA,NA,NA,NA,NA,NA,NA,2,2
469,8,late,none,25,1,261,249,206,NA,238.6666667,1,1,1,0,0,1,1,0,14,34,2.428571429,12,0,3,7,10,3,7,0,4,0,0,0,0,0,0,0,0,0,0,0,0,0,0,0,0,0,0,0,0,0,0,0,0,0,0,0,0,2,2
470,8,late,none,25,2,0,0,0,NA,0,0,1,1,0,0,1,1,0,NA,0,NA,NA,NA,NA,NA,NA,NA,NA,NA,NA,NA,NA,NA,NA,NA,NA,NA,NA,NA,NA,NA,NA,NA,NA,NA,NA,NA,NA,NA,NA,NA,NA,NA,NA,NA,NA,NA,NA,2,2
471,8,late,none,26,1,33,35,36,NA,34.66666667,1,1,1,0,0,1,1,0,14,32,2.285714286,13,0,3,7,4,6,8,0,3,1,0,0,0,0,0,0,0,0,0,0,0,0,0,0,0,0,0,0,0,0,0,0,0,0,0,0,0,2,2
472,8,late,none,26,2,0,0,0,NA,0,0,1,1,0,0,1,1,0,NA,0,NA,NA,NA,NA,NA,NA,NA,NA,NA,NA,NA,NA,NA,NA,NA,NA,NA,NA,NA,NA,NA,NA,NA,NA,NA,NA,NA,NA,NA,NA,NA,NA,NA,NA,NA,NA,NA,NA,2,2
473,8,late,none,27,1,26,39,20,NA,28.33333333,1,1,1,0,0,1,1,0,13,35,2.692307692,12,0,4,6,7,8,6,0,4,0,0,0,0,0,0,0,0,0,0,0,0,0,0,0,0,0,0,0,0,0,0,0,0,0,0,0,0,2,2
474,8,late,none,27,2,0,0,0,NA,0,0,1,1,0,0,1,1,0,NA,0,NA,NA,NA,NA,NA,NA,NA,NA,NA,NA,NA,NA,NA,NA,NA,NA,NA,NA,NA,NA,NA,NA,NA,NA,NA,NA,NA,NA,NA,NA,NA,NA,NA,NA,NA,NA,NA,NA,2,2
475,8,late,none,28,1,143,136,148,NA,142.3333333,1,1,1,0,0,1,1,0,14,32,2.285714286,13,0,2,8,8,4,6,0,2,2,0,0,0,0,0,0,0,0,0,0,0,0,0,0,0,0,0,0,0,0,0,0,0,0,0,0,0,2,2
476,8,late,none,28,2,0,0,0,NA,0,0,1,1,0,0,1,1,0,NA,0,NA,NA,NA,NA,NA,NA,NA,NA,NA,NA,NA,NA,NA,NA,NA,NA,NA,NA,NA,NA,NA,NA,NA,NA,NA,NA,NA,NA,NA,NA,NA,NA,NA,NA,NA,NA,NA,NA,2,2
477,8,late,none,29,1,143,140,120,NA,134.3333333,1,1,1,0,0,1,1,0,12,35,2.916666667,12,0,3,6,6,6,6,0,8,0,0,0,0,0,0,0,0,0,0,0,0,0,0,0,0,0,0,0,0,0,0,0,0,0,0,0,0,2,2
478,8,late,none,29,2,0,0,0,NA,0,0,1,1,0,0,1,1,0,NA,0,NA,NA,NA,NA,NA,NA,NA,NA,NA,NA,NA,NA,NA,NA,NA,NA,NA,NA,NA,NA,NA,NA,NA,NA,NA,NA,NA,NA,NA,NA,NA,NA,NA,NA,NA,NA,NA,NA,2,2
479,8,late,none,30,1,165,180,255,NA,200,1,1,1,0,0,1,1,0,14,36,2.571428571,13,0,3,7,8,5,8,0,4,1,0,0,0,0,0,0,0,0,0,0,0,0,0,0,0,0,0,0,0,0,0,0,0,0,0,0,0,2,2
480,8,late,none,30,2,0,0,0,NA,0,0,1,1,0,0,1,1,0,NA,0,NA,NA,NA,NA,NA,NA,NA,NA,NA,NA,NA,NA,NA,NA,NA,NA,NA,NA,NA,NA,NA,NA,NA,NA,NA,NA,NA,NA,NA,NA,NA,NA,NA,NA,NA,NA,NA,NA,2,2
481,9,NA,NA,NA,1,NA,NA,NA,NA,NA,1,1,1,0,0,1,1,0,NA,NA,NA,NA,NA,NA,NA,NA,NA,NA,NA,NA,NA,NA,NA,NA,NA,NA,NA,NA,NA,NA,NA,NA,NA,NA,NA,NA,NA,NA,NA,NA,NA,NA,NA,NA,NA,NA,NA,NA,NA,NA
482,A,NA,NA,NA,1,NA,NA,NA,NA,NA,1,1,1,0,0,1,1,0,NA,NA,NA,NA,NA,NA,NA,NA,NA,NA,NA,NA,NA,NA,NA,NA,NA,NA,NA,NA,NA,NA,NA,NA,NA,NA,NA,NA,NA,NA,NA,NA,NA,NA,NA,NA,NA,NA,NA,NA,NA,NA
483,B,NA,NA,NA,1,NA,NA,NA,NA,NA,1,1,1,0,0,1,1,0,NA,NA,NA,NA,NA,NA,NA,NA,NA,NA,NA,NA,NA,NA,NA,NA,NA,NA,NA,NA,NA,NA,NA,NA,NA,NA,NA,NA,NA,NA,NA,NA,NA,NA,NA,NA,NA,NA,NA,NA,NA,NA
484,9,NA,NA,NA,2,NA,NA,NA,NA,NA,1,1,1,0,0,1,1,0,NA,NA,NA,NA,NA,NA,NA,NA,NA,NA,NA,NA,NA,NA,NA,NA,NA,NA,NA,NA,NA,NA,NA,NA,NA,NA,NA,NA,NA,NA,NA,NA,NA,NA,NA,NA,NA,NA,NA,NA,NA,NA
485,A,NA,NA,NA,2,NA,NA,NA,NA,NA,1,1,1,0,0,1,1,0,NA,NA,NA,NA,NA,NA,NA,NA,NA,NA,NA,NA,NA,NA,NA,NA,NA,NA,NA,NA,NA,NA,NA,NA,NA,NA,NA,NA,NA,NA,NA,NA,NA,NA,NA,NA,NA,NA,NA,NA,NA,NA
486,B,NA,NA,NA,2,NA,NA,NA,NA,NA,1,1,1,0,0,1,1,0,NA,NA,NA,NA,NA,NA,NA,NA,NA,NA,NA,NA,NA,NA,NA,NA,NA,NA,NA,NA,NA,NA,NA,NA,NA,NA,NA,NA,NA,NA,NA,NA,NA,NA,NA,NA,NA,NA,NA,NA,NA,NA
